SUBIDX,OBJIDX,OBJECT,DIRECTION,TYPE,objectCount,dataClass,storageQualifier
0,0,stdDefaultPassword_dummy,INPUT,SIMPLE_U32,1,STATIC_FREQUENT_CONSTANT_DEFAULT,NON_VOLATILE
0,1,advDefaultPassword_dummy,INPUT,SIMPLE_U32,1,STATIC_FREQUENT_CONSTANT_DEFAULT,NON_VOLATILE
0,2,svcDefaultPassword_dummy,INPUT,SIMPLE_U32,1,STATIC_FREQUENT_CONSTANT_DEFAULT,NON_VOLATILE
0,3,stdUserPassword_dummy,INPUT,SIMPLE_U32,1,STATIC_FREQUENT_CONSTANT_DEFAULT,NON_VOLATILE
0,4,advUserPassword_dummy,INPUT,SIMPLE_U32,1,STATIC_FREQUENT_CONSTANT_DEFAULT,NON_VOLATILE
0,5,svcUserPassword_dummy,INPUT,SIMPLE_U32,1,STATIC_FREQUENT_CONSTANT_DEFAULT,NON_VOLATILE
0,6,adpin,INPUT,SIMPLE_U16,1,STATIC_FREQUENT_CONSTANT_DEFAULT,NON_VOLATILE
0,7,clientEnableState,INPUT,TABENUM8,1,STATIC_FREQUENT_CONSTANT_DEFAULT,NON_VOLATILE
0,8,hiSecAccessState,INPUT,TABENUM8,1,StaticFrequentConstantDefault_2,NON_VOLATILE
0,9,hmiLoginState,OUTPUT,TABENUM8,1,DYNAMIC,RAM
0,10,hartLoginState,OUTPUT,TABENUM8,1,DYNAMIC,RAM
0,11,transmitterIdStringForm,OUTPUT,SIMPLE_U8,8,DYNAMIC,RAM
0,12,readOnlySwitchStatus,OUTPUT,TABENUM8,1,DYNAMIC,RAM
0,13,custodySwitchStatus,OUTPUT,TABENUM8,1,DYNAMIC,RAM
0,14,enableHighSecurityMode,INPUT,ACTION,1,,
0,15,disableHighSecurityMode,INPUT,ACTION,1,,
0,16,hartLockStatus,INPUT,TABENUM8,1,DYNAMIC,RAM
0,17,resetPasswords,INPUT,ACTION,1,,
0,18,serviceAccountSwitch,INPUT,TABENUM8,1,StaticFrequentConstantDefault_Password,NON_VOLATILE
0,19,stdDefaultPassword,INPUT,SIMPLE_U32,8,StaticFrequentConstantDefault_Password,NON_VOLATILE
0,20,advDefaultPassword,INPUT,SIMPLE_U32,8,StaticFrequentConstantDefault_Password,NON_VOLATILE
0,21,svcDefaultPassword,INPUT,SIMPLE_U32,8,StaticFrequentConstantDefault_Password,NON_VOLATILE
0,22,stdUserPassword,INPUT,SIMPLE_U32,8,StaticFrequentConstantDefault_Password,NON_VOLATILE
0,23,advUserPassword,INPUT,SIMPLE_U32,8,StaticFrequentConstantDefault_Password,NON_VOLATILE
0,24,svcUserPassword,INPUT,SIMPLE_U32,8,StaticFrequentConstantDefault_Password,NON_VOLATILE
0,25,hardwareCalibrationLoad,CONTAINED,SIMPLE_U8,1,StaticFrequentConstantDefault_Password,NON_VOLATILE
0,26,feBoardResetCount,CONTAINED,SIMPLE_U16,1,StaticFrequentConstantDefault_Password,NON_VOLATILE
0,27,feBoardHSLowTime,CONTAINED,SIMPLE_U32,1,StaticFrequentConstantDefault_Password,NON_VOLATILE
1,0,coodinatorAlarmSimulation,INOUT,SIMPLE_U8,2,Protected,RAM
1,1,totalWorkingTimeDay,CONTAINED,SIMPLE_U16,1,STATIC_CYCLIC,NON_VOLATILE
1,2,totalWorkingTimeMSec,CONTAINED,SIMPLE_U32,1,STATIC_CYCLIC,NON_VOLATILE
1,3,partialWorkingTimeDay,CONTAINED,SIMPLE_U16,1,STATIC_CYCLIC,NON_VOLATILE
1,4,partialWorkingTimeMSec,CONTAINED,SIMPLE_U32,1,STATIC_CYCLIC,NON_VOLATILE
1,5,resetPartialWorkingTime,OUTPUT,ACTION,1,,
1,6,simulationMode,CONTAINED,SIMPLE_U8,1,Protected,RAM
1,7,cpuLoad,INOUT,SIMPLE_FLOAT,1,DynamicDuplicated,RAM
1,8,cpuLoad_Duplicated,CONTAINED,SIMPLE_FLOAT,1,DynamicDuplicated,RAM
1,9,forceReplace,CONTAINED,TABENUM8,1,STATIC_FREQUENT_CONSTANT_DEFAULT,NON_VOLATILE
1,10,cpuLoadBaseTime,INPUT,SIMPLE_U32,1,STATIC_RARE,NON_VOLATILE
1,11,cpuLoadCountMax,INPUT,SIMPLE_U32,1,STATIC_RARE,NON_VOLATILE
1,12,cpuLoadRecalc,INPUT,SIMPLE_U8,1,STATIC_RARE,NON_VOLATILE
1,13,mainTaskDelayTimeMax,OUTPUT,SIMPLE_U32,1,DynamicDuplicated,RAM
1,14,mainTaskDelayTimeMax_Duplicated,OUTPUT,SIMPLE_U32,1,DynamicDuplicated,RAM
1,15,page1,CONTAINED,SIMPLE_U8,30,STATIC_FREQUENT_CONSTANT_DEFAULT,NON_VOLATILE
1,16,externalDiagnosis,INPUT,SIMPLE_U32,1,DynamicDuplicated,RAM
1,17,externalDiagnosis_Duplicated,INPUT,SIMPLE_U32,1,DynamicDuplicated,RAM
1,18,levelSensorFailureCounter,CONTAINED,SIMPLE_U16,1,DYNAMIC,RAM
1,19,protectedDataStatus,CONTAINED,TABENUM8,1,Protected,RAM
1,20,protectedDataCrc,CONTAINED,SIMPLE_U16,1,Unprotected,RAM
1,21,autoscrollTimer,INOUT,TABENUM8,1,ReplaceStaticFrequentStaticDefault,NON_VOLATILE
1,22,CalibrationStatus,CONTAINED,SIMPLE_U8,1,DYNAMIC,RAM
1,23,CalibrationNewValue,CONTAINED,SIMPLE_FLOAT,1,DYNAMIC,RAM
1,24,CalibrationProgressTimer,CONTAINED,SIMPLE_FLOAT,1,DYNAMIC,RAM
1,25,CalibrationErrorValue,CONTAINED,SIMPLE_U8,1,DYNAMIC,RAM
1,26,CalibrationType,CONTAINED,SIMPLE_U16,1,DYNAMIC,RAM
1,27,CalibrationReset,INPUT,ACTION,1,,
1,28,sensorConfigurationType,CONTAINED,TABENUM8,1,ReplaceStaticRare,NON_VOLATILE
1,29,saveAsDefault,INPUT,ACTION,1,,
1,30,resetToDefault,INPUT,ACTION,1,,
1,31,resetToFactory,INPUT,ACTION,1,,
1,32,saveAsDefault_procAlarm,INPUT,ACTION,1,,
1,33,resetToDefault_procAlarm,INPUT,ACTION,1,,
1,34,resetToFactory_procAlarm,INPUT,ACTION,1,,
1,35,hmiTestValue,CONTAINED,SIMPLE_U8,3,Unprotected,RAM
1,36,alarmDelay,INPUT,FLOAT,1,ReplaceStaticRare,NON_VOLATILE
1,37,NvPage,INPUT,SIMPLE_U8,1,DYNAMIC,RAM
1,38,NvSegmentNumber,INPUT,SIMPLE_U8,1,DYNAMIC,RAM
1,39,NvSegmentData,INPUT,SIMPLE_U8,32,DYNAMIC,RAM
1,40,NvSpecialWrite,INPUT,ACTION,1,,
1,41,NvStackRecordThreshold,INOUT,SIMPLE_U8,1,DYNAMIC,RAM
2,0,diagnosisSimulation_CURR,INOUT,SIMPLE_U8,2,DynamicDuplicated,RAM
2,1,actualOutputValue,OUTPUT,SIMPLE_FLOAT,1,DynamicDuplicated,READONLY_RAM
2,2,pwmRawValue,OUTPUT,SIMPLE_U16,1,DynamicDuplicated,READONLY_RAM
2,3,fixedOutputValue,CONTAINED,FLOAT,1,Protected,RAM
2,4,loopCurrentMode,CONTAINED,TABENUM8,1,ReplaceStaticFrequentStaticDefault,NON_VOLATILE
2,5,alarmSelection,CONTAINED,TABENUM8,1,ReplaceStaticFrequentStaticDefault,NON_VOLATILE
2,6,alarmLowValue,CONTAINED,FLOAT,1,ReplaceStaticFrequentStaticDefault,NON_VOLATILE
2,7,alarmHighValue,CONTAINED,FLOAT,1,ReplaceStaticFrequentStaticDefault,NON_VOLATILE
2,8,spanLimitLowValue,CONTAINED,FLOAT,1,ReplaceStaticFrequentStaticDefault,NON_VOLATILE
2,9,spanLimitHighValue,CONTAINED,FLOAT,1,ReplaceStaticFrequentStaticDefault,NON_VOLATILE
2,10,trimDacLowerEndpoint,INPUT,FLOAT,1,Unprotected,RAM
2,11,trimDacUpperEndpoint,INPUT,FLOAT,1,Unprotected,RAM
2,12,hardwarePwmMatch,,,,,
2,13,calibrationContext,INPUT,SIMPLE_U8,1,Protected,RAM
2,14,temperatureInputTempCalibration,OUTPUT,SIMPLE_FLOAT,1,Unprotected,READONLY_RAM
2,15,currentInputTempCalibration,OUTPUT,SIMPLE_FLOAT,1,Unprotected,READONLY_RAM
2,16,baseCalibration,CONTAINED,FLOAT,2,STATIC_FREQUENT_STATIC_DEFAULT,NON_VOLATILE
2,17,gainTempCal,CONTAINED,SIMPLE_FLOAT,4,STATIC_RARE,NON_VOLATILE
2,18,offsetTempCal,CONTAINED,SIMPLE_FLOAT,4,STATIC_RARE,NON_VOLATILE
2,19,elecTemperature,INPUT,SIMPLE_FLOAT,1,Unprotected,READONLY_RAM
2,20,gainTempCalFixPoint,CONTAINED,SIMPLE_U32,4,Unprotected,READONLY_RAM
2,21,offsetTempCalFixPoint,CONTAINED,SIMPLE_U32,4,Unprotected,READONLY_RAM
2,22,alarmSelectionSource,CONTAINED,TABENUM8,1,DynamicDuplicated,READONLY_RAM
2,23,alarmSelectionEffective,CONTAINED,TABENUM8,1,DynamicDuplicated,READONLY_RAM
2,24,alarmState,CONTAINED,TABENUM8,1,DynamicDuplicated,READONLY_RAM
2,25,lastActualOutputValue,OUTPUT,SIMPLE_FLOAT,1,DynamicDuplicated,RAM
2,26,localDiagnosis,OUTPUT,SIMPLE_U16,1,DynamicDuplicated,RAM
2,27,protectedDataCrc,CONTAINED,SIMPLE_U16,1,Unprotected,RAM
2,28,protectedDataStatus,CONTAINED,TABENUM8,1,Protected,RAM
2,29,actualOutputValueDuplicated,CONTAINED,SIMPLE_FLOAT,1,DynamicDuplicated,RAM
2,30,pwmRawValueDuplicated,CONTAINED,SIMPLE_U16,1,DynamicDuplicated,RAM
2,31,alarmSelectionSourceDuplicated,CONTAINED,SIMPLE_U8,1,DynamicDuplicated,RAM
2,32,alarmSelectionEffectiveDuplicated,CONTAINED,SIMPLE_U8,1,DynamicDuplicated,RAM
2,33,alarmStateDuplicated,CONTAINED,SIMPLE_U8,1,DynamicDuplicated,RAM
2,34,lastActualOutputValueDuplicated,CONTAINED,SIMPLE_FLOAT,1,DynamicDuplicated,RAM
2,35,localDiagnosisDuplicated,CONTAINED,SIMPLE_U16,1,DynamicDuplicated,RAM
2,36,diagnosisSimulation_CURRDuplicated,CONTAINED,SIMPLE_U8,2,DynamicDuplicated,RAM
2,37,hardwareCalibrationLoad,CONTAINED,SIMPLE_U8,1,STATIC_RARE,NON_VOLATILE
2,38,currentoutUncertainCause,CONTAINED,SIMPLE_U16,1,StaticAlarmCause,NON_VOLATILE
2,39,InvalidValueRecord,CONTAINED,SIMPLE_FLOAT,1,StaticAlarmCause,NON_VOLATILE
2,40,alarmStateRecord,CONTAINED,SIMPLE_U8,1,StaticAlarmCause,NON_VOLATILE
2,41,correctCurrentRecord,CONTAINED,SIMPLE_FLOAT,1,StaticAlarmCause,NON_VOLATILE
2,42,PWMvalueRecord,CONTAINED,SIMPLE_FLOAT,1,StaticAlarmCause,NON_VOLATILE
3,0,alarmHistory,,SIMPLE_U8,6,,
3,1,alarmMasking,,SIMPLE_U8,6,,
3,2,simulationStatus,,SIMPLE_U8,1,,
3,3,coordinatorAlarm,,SIMPLE_U8,2,,
3,4,current_outAlarm,,SIMPLE_U8,2,,
3,5,elettronicservicesAlarm,,SIMPLE_U8,2,,
3,6,frontendinterfaceAlarm,,SIMPLE_U8,2,,
3,7,lvlmeasurementAlarm,,SIMPLE_U8,4,,
3,8,mapperAlarm,,SIMPLE_U8,1,,
3,9,coordinatorAlarmSimulation,,SIMPLE_U8,2,,
3,10,current_outAlarmSimulation,,SIMPLE_U8,2,,
3,11,elettronicservicesAlarmSimulation,,SIMPLE_U8,2,,
3,12,frontendinterfaceAlarmSimulation,,SIMPLE_U8,2,,
3,13,lvlmeasurementAlarmSimulation,,SIMPLE_U8,4,,
3,14,mapperAlarmSimulation,,SIMPLE_U8,1,,
3,15,diagnosisConditionIdx,,SIMPLE_U8,1,,
3,16,diagnosisOutputConditionSimulation,,SIMPLE_U8,6,,
3,17,diagnosisCounter,,SIMPLE_U16,1,,
3,18,CurrentAlarmBehavior,,SIMPLE_U8,1,,
3,19,CurrentAlarmHigh,,SIMPLE_U8,1,,
3,20,CurrentAlarmLow,,SIMPLE_U8,1,,
3,21,diagnosisCondition_tv_sensor_out_limsDetails,,T_DIAGNOSIS_ALARM_COUNTER,1,,
3,22,diagnosisCondition_cb_rom_failureDetails,,T_DIAGNOSIS_ALARM_COUNTER,1,,
3,23,diagnosisCondition_cb_ram_failureDetails,,T_DIAGNOSIS_ALARM_COUNTER,1,,
3,24,diagnosisCondition_tv_sensor_failureDetails,,T_DIAGNOSIS_ALARM_COUNTER,1,,
3,25,diagnosisCondition_fv_sensor_failureDetails,,T_DIAGNOSIS_ALARM_COUNTER,1,,
3,26,diagnosisCondition_cb_insuf_input_voltageDetails,,T_DIAGNOSIS_ALARM_COUNTER,1,,
3,27,diagnosisCondition_primary_current_uncertainDetails,,T_DIAGNOSIS_ALARM_COUNTER,1,,
3,28,diagnosisCondition_cb_current_readback_failedDetails,,T_DIAGNOSIS_ALARM_COUNTER,1,,
3,29,diagnosisCondition_primary_current_saturatedDetails,,T_DIAGNOSIS_ALARM_COUNTER,1,,
3,30,diagnosisCondition_ambient_temp_out_of_rangeDetails,,T_DIAGNOSIS_ALARM_COUNTER,1,,
3,31,diagnosisCondition_current_out_fixed_modeDetails,,T_DIAGNOSIS_ALARM_COUNTER,1,,
3,32,diagnosisCondition_cb_nv_failureDetails,,T_DIAGNOSIS_ALARM_COUNTER,1,,
3,33,diagnosisCondition_pv_sensor_out_limsDetails,,T_DIAGNOSIS_ALARM_COUNTER,1,,
3,34,diagnosisCondition_fe_nv_failureDetails,,T_DIAGNOSIS_ALARM_COUNTER,1,,
3,35,diagnosisCondition_fe_nv_warningDetails,,T_DIAGNOSIS_ALARM_COUNTER,1,,
3,36,diagnosisCondition_nv_replace_errorDetails,,T_DIAGNOSIS_ALARM_COUNTER,1,,
3,37,diagnosisCondition_fe_board_not_detectedDetails,,T_DIAGNOSIS_ALARM_COUNTER,1,,
3,38,diagnosisCondition_pv_sensor_failureDetails,,T_DIAGNOSIS_ALARM_COUNTER,1,,
3,39,diagnosisCondition_fe_board_comm_errorDetails,,T_DIAGNOSIS_ALARM_COUNTER,1,,
3,40,diagnosisCondition_fe_sensor_faultDetails,,T_DIAGNOSIS_ALARM_COUNTER,1,,
3,41,diagnosisCondition_nv_storage_activeDetails,,T_DIAGNOSIS_ALARM_COUNTER,1,,
3,42,diagnosisCondition_front_end_alarmDetails,,T_DIAGNOSIS_ALARM_COUNTER,1,,
3,43,diagnosisCondition_pv_sensor_out_rangeDetails,,T_DIAGNOSIS_ALARM_COUNTER,1,,
3,44,diagnosisCondition_process_media_level_alarmDetails,,T_DIAGNOSIS_ALARM_COUNTER,1,,
3,45,diagnosisCondition_process_media_level_warnDetails,,T_DIAGNOSIS_ALARM_COUNTER,1,,
3,46,diagnosisCondition_alarm_simu_warningDetails,,T_DIAGNOSIS_ALARM_COUNTER,1,,
3,47,diagnosisCondition_data_simu_warningDetails,,T_DIAGNOSIS_ALARM_COUNTER,1,,
3,48,diagnosisCondition_hmi_validation_test_failureDetails,,T_DIAGNOSIS_ALARM_COUNTER,1,,
3,49,diagnosisCondition_sv_sensor_failureDetails,,T_DIAGNOSIS_ALARM_COUNTER,1,,
3,50,diagnosisCondition_sv_sensor_out_limsDetails,,T_DIAGNOSIS_ALARM_COUNTER,1,,
3,51,diagnosisCondition_process_temp_alarmDetails,,T_DIAGNOSIS_ALARM_COUNTER,1,,
3,52,diagnosisCondition_process_temp_warnDetails,,T_DIAGNOSIS_ALARM_COUNTER,1,,
3,53,configurableClassification_tv_sensor_out_lims,,SIMPLE_U8,1,,
3,54,configurableClassification_cb_rom_failure,,SIMPLE_U8,1,,
3,55,configurableClassification_cb_ram_failure,,SIMPLE_U8,1,,
3,56,configurableClassification_tv_sensor_failure,,SIMPLE_U8,1,,
3,57,configurableClassification_fv_sensor_failure,,SIMPLE_U8,1,,
3,58,configurableClassification_cb_insuf_input_voltage,,SIMPLE_U8,1,,
3,59,configurableClassification_primary_current_uncertain,,SIMPLE_U8,1,,
3,60,configurableClassification_cb_current_readback_failed,,SIMPLE_U8,1,,
3,61,configurableClassification_primary_current_saturated,,SIMPLE_U8,1,,
3,62,configurableClassification_ambient_temp_out_of_range,,SIMPLE_U8,1,,
3,63,configurableClassification_current_out_fixed_mode,,SIMPLE_U8,1,,
3,64,configurableClassification_cb_nv_failure,,SIMPLE_U8,1,,
3,65,configurableClassification_pv_sensor_out_lims,,SIMPLE_U8,1,,
3,66,configurableClassification_fe_nv_failure,,SIMPLE_U8,1,,
3,67,configurableClassification_fe_nv_warning,,SIMPLE_U8,1,,
3,68,configurableClassification_nv_replace_error,,SIMPLE_U8,1,,
3,69,configurableClassification_fe_board_not_detected,,SIMPLE_U8,1,,
3,70,configurableClassification_pv_sensor_failure,,SIMPLE_U8,1,,
3,71,configurableClassification_fe_board_comm_error,,SIMPLE_U8,1,,
3,72,configurableClassification_fe_sensor_fault,,SIMPLE_U8,1,,
3,73,configurableClassification_nv_storage_active,,SIMPLE_U8,1,,
3,74,configurableClassification_front_end_alarm,,SIMPLE_U8,1,,
3,75,configurableClassification_pv_sensor_out_range,,SIMPLE_U8,1,,
3,76,configurableClassification_process_media_level_alarm,,SIMPLE_U8,1,,
3,77,configurableClassification_process_media_level_warn,,SIMPLE_U8,1,,
3,78,configurableClassification_alarm_simu_warning,,SIMPLE_U8,1,,
3,79,configurableClassification_data_simu_warning,,SIMPLE_U8,1,,
3,80,configurableClassification_hmi_validation_test_failure,,SIMPLE_U8,1,,
3,81,configurableClassification_sv_sensor_failure,,SIMPLE_U8,1,,
3,82,configurableClassification_sv_sensor_out_lims,,SIMPLE_U8,1,,
3,83,configurableClassification_process_temp_alarm,,SIMPLE_U8,1,,
3,84,configurableClassification_process_temp_warn,,SIMPLE_U8,1,,
3,85,inputAlarmHistory,,SIMPLE_U8,70,,
4,0,elettronicTemperature_Obj,OUTPUT,UOM_PF,1,,
4,1,elettronicTemperatureSimulation_Obj,INOUT,UOM_PF,1,,
4,2,softwareRevision,OUTPUT,SIMPLE_U8,6,CONSTANT,ROM
4,3,hardwareRevision,CONTAINED,SIMPLE_U8,3,STATIC_RARE,NON_VOLATILE
4,4,availableVariableSpace,OUTPUT,SIMPLE_U8,8,ReplaceStaticRare,NON_VOLATILE
4,5,feSerialNumber,OUTPUT,SIMPLE_U8,8,ReplaceStaticRare,NON_VOLATILE
4,6,vSupplyReadBack,CONTAINED,SIMPLE_U16,1,DynamicDuplicated,RAM
4,7,dipSwitchAndPushButtonsStatus,OUTPUT,SIMPLE_U16,1,Unprotected,READONLY_RAM
4,8,swWriteProtection,INOUT,TABENUM8,1,ReplaceStaticFrequentStaticDefault,NON_VOLATILE
4,9,swRevisionHmi,OUTPUT,SIMPLE_U8,17,Unprotected,RAM
4,10,hwRevisionHmi,OUTPUT,SIMPLE_U8,17,Unprotected,RAM
4,11,deviceReset,CONTAINED,ACTION,1,,
4,12,electronicServicesAlarmSimulation,CONTAINED,SIMPLE_U8,2,Protected,RAM
4,13,localDiagnosis,CONTAINED,SIMPLE_U16,1,DynamicDuplicated,RAM
4,14,currentOutReadbackParam,CONTAINED,SIMPLE_FLOAT,2,STATIC_FREQUENT_STATIC_DEFAULT,NON_VOLATILE
4,15,currentOutReadBack,CONTAINED,SIMPLE_FLOAT,1,DynamicDuplicated,RAM
4,16,cbSerialNumber,CONTAINED,SIMPLE_U8,3,STATIC_RARE,NON_VOLATILE
4,17,resetOutputTrimming,CONTAINED,ACTION,1,,
4,18,elettronicTemperature,CONTAINED,SIMPLE_FLOAT,1,DynamicDuplicated,RAM
4,19,vSupplyReadBackDuplicated,CONTAINED,SIMPLE_U16,1,DynamicDuplicated,RAM
4,20,currentOutReadBackDuplicated,CONTAINED,SIMPLE_FLOAT,1,DynamicDuplicated,RAM
4,21,protectedDataCrc,CONTAINED,SIMPLE_U16,1,Unprotected,RAM
4,22,localDiagnosisDuplicated,CONTAINED,SIMPLE_U16,1,DynamicDuplicated,RAM
4,23,initializeNv,CONTAINED,TABENUM8,1,Protected,RAM
4,24,resetToDefault,CONTAINED,SIMPLE_I16,1,Protected,RAM
4,25,saveAsDefault,CONTAINED,SIMPLE_I16,1,Protected,RAM
4,26,loadRomDefault,CONTAINED,SIMPLE_I16,1,Protected,RAM
4,27,classLoadRomDefault,CONTAINED,SIMPLE_I16,1,Unprotected,RAM
4,28,lowLevelHmiHwSwRevision,OUTPUT,SIMPLE_U8,8,Unprotected,RAM
4,29,currentOutReadbackMaxVariation,OUTPUT,SIMPLE_FLOAT,1,Unprotected,RAM
4,30,currentOutReadbackEnable,INOUT,TABENUM8,1,ReplaceStaticFrequentNoDefault,NON_VOLATILE
4,31,currentOutReadbackTolerance,INOUT,SIMPLE_FLOAT,1,ReplaceStaticFrequentNoDefault,NON_VOLATILE
4,32,currentOutReadbackRetry,INOUT,SIMPLE_U8,1,ReplaceStaticFrequentNoDefault,NON_VOLATILE
4,33,vSupplyReadbackEnable,INOUT,TABENUM8,1,ReplaceStaticFrequentNoDefault,NON_VOLATILE
4,34,vSupplyReadbackHighThreshold,INOUT,SIMPLE_U16,1,ReplaceStaticFrequentNoDefault,NON_VOLATILE
4,35,vSupplyReadbackLowThreshold,INOUT,SIMPLE_U16,1,ReplaceStaticFrequentNoDefault,NON_VOLATILE
4,36,vSupplyReadbackRetry,INOUT,SIMPLE_U8,1,ReplaceStaticFrequentNoDefault,NON_VOLATILE
4,37,ramTestEnable,INOUT,TABENUM8,1,ReplaceStaticFrequentNoDefault,NON_VOLATILE
4,38,romTestEnable,INOUT,TABENUM8,1,ReplaceStaticFrequentNoDefault,NON_VOLATILE
4,39,cbNvWriteIsActive,OUTPUT,TABENUM8,1,Unprotected,READONLY_RAM
4,40,feNvWriteIsActive,OUTPUT,TABENUM8,1,Unprotected,READONLY_RAM
4,41,dynamicVariablesCheckEnable,OUTPUT,TABENUM8,1,ReplaceStaticFrequentNoDefault,NON_VOLATILE
4,42,T_UnitCode,INPUT,TABENUM8,1,STATIC_RARE,NON_VOLATILE
4,43,elettronicTemperatureDuplicated,CONTAINED,SIMPLE_FLOAT,1,DynamicDuplicated,RAM
4,44,elettronicTemperatureSimulation,INPUT,SIMPLE_FLOAT,1,Protected,RAM
4,45,alarmTRng,CONTAINED,RANGEFLT,1,STATIC_RARE,NON_VOLATILE
4,46,alarmTRng_Obj,CONTAINED,UOM_PF,1,,
4,47,protectedDataStatus,CONTAINED,TABENUM8,1,Protected,RAM
4,48,hardwareCalibrationLoad,CONTAINED,SIMPLE_U8,1,STATIC_FREQUENT_STATIC_DEFAULT,NON_VOLATILE
4,49,cbSoftwareRevisionChars,OUTPUT,SIMPLE_U8,8,Unprotected,RAM
4,50,cbHardwareRevisionChars,OUTPUT,SIMPLE_U8,8,Unprotected,RAM
4,51,feSoftwareRevisionChars,OUTPUT,SIMPLE_U8,8,Unprotected,RAM
4,52,feHardwareRevisionChars,OUTPUT,SIMPLE_U8,8,Unprotected,RAM
4,53,hardwareRevisionExtra,CONTAINED,SIMPLE_U8,3,STATIC_RARE,NON_VOLATILE
4,54,T_Elec_History_Values_Obj,,,,,
4,55,T_Elec_History_Values_Reset,INPUT,ACTION,1,,
4,56,T_Elec_History_Values,,,,,
4,57,T_Elec_History_Usr_Values_Obj,,,,,
4,58,T_Elec_History_Usr_Values_Reset,INPUT,ACTION,1,,
4,59,T_Elec_History_Usr_Values,,,,,
4,60,T_History_Usr_Values,,,,,
4,61,deviceSerialNumber,CONTAINED,SIMPLE_U8,14,ReplaceStaticRare2,NON_VOLATILE
5,0,frontEndDiagnosis,INOUT,SIMPLE_U16,1,DynamicDuplicated,RAM
5,1,frontEndAlarmSimulation,INOUT,SIMPLE_U8,2,DynamicDuplicated,RAM
5,2,swVersion,INOUT,SIMPLE_U8,3,Unprotected,RAM
5,3,swBuildDate,INOUT,SIMPLE_U8,3,Unprotected,RAM
5,4,swFrameworkVersion,INOUT,SIMPLE_U8,3,Unprotected,RAM
5,5,hwVersion,INOUT,SIMPLE_U8,3,Unprotected,RAM
5,6,fpgaVersion,INOUT,SIMPLE_U8,3,Unprotected,RAM
5,7,protectedDataStatus,CONTAINED,TABENUM8,1,Protected,RAM
5,8,protectedDataCrc,CONTAINED,SIMPLE_U16,1,Unprotected,RAM
5,9,frontEndDiagnosis_Duplicated,CONTAINED,SIMPLE_U16,1,DynamicDuplicated,RAM
5,10,frontEndAlarmSimulationDuplicated,CONTAINED,SIMPLE_U8,2,DynamicDuplicated,RAM
5,11,threshold,INOUT,FLOAT,1,Protected,RAM
5,12,pulseWidth,INOUT,SIMPLE_U8,1,Protected,RAM
5,13,blanking,INPUT,FLOAT,1,Protected,RAM
5,14,blankingRange,INOUT,RANGEFLT,1,Unprotected,RAM
5,15,blanking_Obj,INOUT,UOM_PF_FE,1,,
5,16,dummy_Blanking_Obj,CONTAINED,UOM_PF_FE,1,,
5,17,probeLengthProxy,INOUT,FLOAT,1,Protected,RAM
5,18,probeLengthProxy_Obj,INOUT,UOM_PF,1,,
5,19,temperatureSensorTrimming,,,,,
5,20,temperatureSensorTrimming_Obj,INOUT,UOM_PF_FE,1,,
5,21,DummyTemperatureSensorTrimming_Obj,INOUT,UOM_PF_FE,1,,
5,22,levelDeviceType,INOUT,TABENUM8,1,Protected,RAM
5,23,waveformScale,INOUT,SIMPLE_U8,1,Protected,RAM
5,24,measuredTemperature,OUTPUT,SIMPLE_FLOAT,1,DynamicDuplicated,RAM
5,25,RawSensorValues,OUTPUT,SIMPLE_FLOAT,2,DynamicDuplicated,RAM
5,26,measuredTemperatureDuplicated,OUTPUT,SIMPLE_FLOAT,1,DynamicDuplicated,RAM
5,27,RawSensorValuesDuplicated,OUTPUT,SIMPLE_FLOAT,2,DynamicDuplicated,RAM
5,28,levelSensorLimits,OUTPUT,RANGEFLT,1,Protected,RAM
5,29,levelSensorLimits_Obj,CONTAINED,UOM_PF_FE,1,,
5,30,pulseWidthLimits,CONTAINED,SIMPLE_U8,2,Protected,RAM
5,31,temperatureSensorLimits,OUTPUT,RANGEFLT,1,Unprotected,RAM
5,32,saveAsCustomer,CONTAINED,TABENUM8,1,Unprotected,RAM
5,33,saveAsFactory,CONTAINED,TABENUM8,1,Unprotected,RAM
5,34,resetAsCustomer,CONTAINED,TABENUM8,1,Unprotected,RAM
5,35,resetAsFactory,CONTAINED,TABENUM8,1,Unprotected,RAM
5,36,newTrimmingCode,CONTAINED,SIMPLE_U8,1,Unprotected,RAM
5,37,probeLengthLimits,OUTPUT,RANGEFLT,1,Protected,RAM
5,38,sensorTrimValues,CONTAINED,SIMPLE_FLOAT,2,Protected,RAM
5,39,sensorTrimValues_Obj,OUTPUT,UOM_PF_FE,1,,
5,40,sensorLowerTrimValue_Obj,INOUT,UOM_PF,1,,
5,41,sensorUpperTrimValue_Obj,INOUT,UOM_PF,1,,
5,42,sensorUpperTrimValue,CONTAINED,FLOAT,1,Protected,RAM
5,43,sensorLowerTrimValue,CONTAINED,FLOAT,1,Protected,RAM
5,44,sensorUpperTrimRangeLimits,CONTAINED,RANGEFLT,1,Protected,RAM
5,45,sensorLowerTrimRangeLimits,CONTAINED,RANGEFLT,1,Protected,RAM
5,46,signalPolarityState,INPUT,TABENUM8,1,Protected,RAM
5,47,waveformDistance,INPUT,FLOAT,1,Unprotected,RAM
5,48,swVersionHMI,CONTAINED,SIMPLE_U8,17,Unprotected,RAM
5,49,hwVersionHMI,CONTAINED,SIMPLE_U8,8,Unprotected,RAM
5,50,fpgaVersionHMI,CONTAINED,SIMPLE_U8,8,Unprotected,RAM
5,51,transducerId,CONTAINED,SIMPLE_U8,3,Unprotected,RAM
5,52,resetNV,INPUT,TABENUM8,1,Protected,RAM
5,53,clearNV,INPUT,ACTION,1,,
5,54,sensorStatusByte0,OUTPUT,SIMPLE_U8,1,DynamicDuplicated,RAM
5,55,sensorStatusByte1,OUTPUT,SIMPLE_U8,1,DynamicDuplicated,RAM
5,56,sensorStatusByte0_Duplicated,CONTAINED,SIMPLE_U8,1,DynamicDuplicated,RAM
5,57,sensorStatusByte1_Duplicated,CONTAINED,SIMPLE_U8,1,DynamicDuplicated,RAM
5,58,RawSensorValue_Obj,OUTPUT,UOM_PF,1,,
5,59,sensorMappingIndex,CONTAINED,SIMPLE_U8,4,Protected,RAM
5,60,hartPrivateCommand,CONTAINED,TABENUM8,1,Unprotected,RAM
5,61,sensorTrimSpan,CONTAINED,SIMPLE_FLOAT,1,Protected,RAM
5,62,waveformRequested,CONTAINED,SIMPLE_U8,1,Unprotected,RAM
5,63,waveformHartRequestTimeout,CONTAINED,SIMPLE_U8,1,Unprotected,RAM
5,64,sensorUpdateObjects,CONTAINED,SIMPLE_U8,1,Unprotected,RAM
5,65,probeLength,INPUT,FLOAT,1,Protected,RAM
5,66,probeLength_Obj,OUTPUT,UOM_PF,1,,
5,67,saveNV_FE,INPUT,SIMPLE_U8,1,Unprotected,RAM
6,0,resetConfigFlag,CONTAINED,ACTION,1,,
6,1,StartSelfTest,CONTAINED,ACTION,1,,
6,2,bolDeviceIsBusy,CONTAINED,SIMPLE_U8,1,dyn,RAM
6,3,dummy_0,CONTAINED,SIMPLE_U8,1,cst,
6,4,dummy32,CONTAINED,SIMPLE_U32,1,dyn,RAM
6,5,dummy_254,CONTAINED,SIMPLE_U8,1,cst,
6,6,dummyU8,CONTAINED,SIMPLE_U8,1,dyn,RAM
6,7,dummyFloat,CONTAINED,SIMPLE_FLOAT,1,dyn,RAM
6,8,bitRateCode,CONTAINED,SIMPLE_U8,1,rare,NON_VOLATILE
6,9,hwWriteProtection,CONTAINED,SIMPLE_U8,1,rare,NON_VOLATILE
6,10,numberRquestPream,CONTAINED,SIMPLE_U8,1,rare,NON_VOLATILE
6,11,numberRespPream,OUTPUT,SIMPLE_U8,1,rare,NON_VOLATILE
6,12,hartCmdRev,CONTAINED,TABENUM8,1,freqCst,NON_VOLATILE
6,13,univCmdRev,CONTAINED,TABENUM8,1,freqCst,NON_VOLATILE
6,14,transSpecRev,CONTAINED,TABENUM8,1,freqCst,NON_VOLATILE
6,15,deviceRevisionLevel,CONTAINED,SIMPLE_U8,1,cst,
6,16,mfrId,CONTAINED,SIMPLE_U8,1,cst,
6,17,mfrDeviceType,CONTAINED,SIMPLE_U8,1,cst,
6,18,maxNoOfDevVariables,CONTAINED,SIMPLE_U8,1,cst,
6,19,manufacturerIdCode,CONTAINED,SIMPLE_U8,2,cst,
6,20,privateLabelDistributorCode,CONTAINED,SIMPLE_U16,1,rare,NON_VOLATILE
6,21,deviceProfile,CONTAINED,SIMPLE_U8,1,cst,
6,22,flags,CONTAINED,SIMPLE_U8,1,cst,
6,23,configurationFlags,CONTAINED,SIMPLE_U8,1,freqCst,
6,24,pollAddr,CONTAINED,SIMPLE_U8,1,freqCst,
6,25,bursttotalNumberOfMsg,CONTAINED,SIMPLE_U8,1,cst,
6,26,burstDefaultMsg,CONTAINED,SIMPLE_U8,1,freqNo,NON_VOLATILE
6,27,burstMsg0ConfData,CONTAINED,BURSTMSG_CONFVALUES,1,freqNo,NON_VOLATILE
6,28,burstMsg0ManageData,CONTAINED,BURSTMSG_MANAGEVALUES,1,dyn,
6,29,burstMsg1ConfData,CONTAINED,BURSTMSG_CONFVALUES,1,freqNo,NON_VOLATILE
6,30,burstMsg1ManageData,CONTAINED,BURSTMSG_MANAGEVALUES,1,dyn,
6,31,burstMsg2ConfData,CONTAINED,BURSTMSG_CONFVALUES,1,freqNo,NON_VOLATILE
6,32,burstMsg2ManageData,CONTAINED,BURSTMSG_MANAGEVALUES,1,dyn,
6,33,tag,CONTAINED,SIMPLE_U8,6,freqCst,NON_VOLATILE
6,34,deviceMessage,CONTAINED,SIMPLE_U8,24,freqCst,NON_VOLATILE
6,35,finalAssyNumber,CONTAINED,SIMPLE_U8,3,freqCst,NON_VOLATILE
6,36,descriptor,CONTAINED,SIMPLE_U8,12,freqCst,NON_VOLATILE
6,37,deviceIdNumber,CONTAINED,SIMPLE_U8,3,rare,NON_VOLATILE
6,38,deviceInstallDate,CONTAINED,SIMPLE_U8,3,freqCst,NON_VOLATILE
6,39,slot0,CONTAINED,SIMPLE_U8,1,dyn,RAM
6,40,slot1,CONTAINED,SIMPLE_U8,1,dyn,RAM
6,41,slot2,CONTAINED,SIMPLE_U8,1,dyn,RAM
6,42,slot3,CONTAINED,SIMPLE_U8,1,dyn,RAM
6,43,slot4,CONTAINED,SIMPLE_U8,1,dyn,RAM
6,44,slot5,CONTAINED,SIMPLE_U8,1,dyn,RAM
6,45,slot6,CONTAINED,SIMPLE_U8,1,dyn,RAM
6,46,slot7,CONTAINED,SIMPLE_U8,1,dyn,RAM
6,47,subsystemIndex,INPUT,SIMPLE_U16,1,dyn,RAM
6,48,objectIndex,INPUT,SIMPLE_U16,1,dyn,RAM
6,49,objectDataLength,CONTAINED,SIMPLE_U8,1,dyn,RAM
6,50,attributeIndex,INPUT,SIMPLE_U16,1,dyn,RAM
6,51,objectData,INOUT,SIMPLE_U8,32,dyn,RAM
6,52,board,CONTAINED,SIMPLE_U8,1,dyn,RAM
6,53,address,CONTAINED,SIMPLE_U8,1,dyn,RAM
6,54,memoryAddress,INPUT,SIMPLE_U16,1,dyn,RAM
6,55,memoryLength,INOUT,SIMPLE_U8,1,dyn,RAM
6,56,memoryData,INOUT,SIMPLE_U8,32,dyn,RAM
6,57,pvtLabelDistCode_Command15,CONTAINED,TABENUM8,1,dyn,RAM
6,58,pvt_Label_Dist_Code,CONTAINED,SIMPLE_U8,1,cst,
6,59,diagCounterMoreStatusAvailablePrimMaster,CONTAINED,SIMPLE_U16,1,dyn,RAM
6,60,diagCounterMoreStatusAvailableSecMaster,CONTAINED,SIMPLE_U16,1,dyn,RAM
6,61,performDeviceReset,CONTAINED,SIMPLE_U8,1,dyn,READONLY_RAM
6,62,resetDevice,CONTAINED,ACTION,1,,
6,63,devVariableClassification,CONTAINED,SIMPLE_U8,1,cst,
6,64,devVariableTransducerSerialNo,CONTAINED,SIMPLE_U8,3,cst,
6,65,devVariableFamilyCode,CONTAINED,SIMPLE_U8,1,cst,
6,66,devVariableStatus,CONTAINED,SIMPLE_U8,1,dyn,RAM
6,67,loopCurrentMode,CONTAINED,SIMPLE_U8,1,freqCst,NON_VOLATILE
6,68,longTag,CONTAINED,SIMPLE_U8,32,freqCst,NON_VOLATILE
6,69,confChangeCounterValue,CONTAINED,SIMPLE_U16,1,freqNo,NON_VOLATILE
6,70,resetMoreStatusAvailable,CONTAINED,ACTION,1,,
6,71,nonValidDeviceVariableClassification,CONTAINED,SIMPLE_U8,1,cst,
6,72,nonValidDeviceVariableUnitCode,CONTAINED,SIMPLE_U8,1,cst,
6,73,nonValidDeviceVariableValue,CONTAINED,SIMPLE_U8,4,cst,
6,74,nonValidDeviceVariableStatus,CONTAINED,SIMPLE_U8,1,cst,
6,75,deviceVariableCode,CONTAINED,SIMPLE_U8,1,dyn,RAM
6,76,updatePeriod,CONTAINED,SIMPLE_U32,1,dyn,RAM
6,77,extendedDeviceStatus,CONTAINED,TABENUM8,1,dyn,RAM
6,78,deviceOperatingMode,CONTAINED,TABENUM8,1,dyn,RAM
6,79,standardizedStatus0,CONTAINED,SIMPLE_U8,1,dyn,RAM
6,80,standardizedStatus1,CONTAINED,SIMPLE_U8,1,dyn,RAM
6,81,analogChannelFixed,CONTAINED,TABENUM8,1,dyn,RAM
6,82,softModemInfo,CONTAINED,SIMPLE_U8,8,dyn,RAM
6,83,squawk,CONTAINED,ACTION,1,,
6,84,findDeviceSwitch,CONTAINED,TABENUM8,1,dyn,RAM
6,85,lockDeviceSelection,CONTAINED,TABENUM8,1,freqNo,NON_VOLATILE
6,86,lockDeviceStatus,CONTAINED,SIMPLE_U8,1,freqNo,NON_VOLATILE
6,87,transducerSerialNumber,INOUT,SIMPLE_U8,3,dyn,RAM
6,88,lastReceiveCommandNumber_Fake,INOUT,SIMPLE_U16,1,freqCst,NON_VOLATILE
6,89,timeValueHART,CONTAINED,SIMPLE_U32,1,dyn,RAM
6,90,currentClassification,CONTAINED,SIMPLE_U8,1,dyn,RAM
6,91,currentStatus,CONTAINED,SIMPLE_U8,1,dyn,RAM
6,92,deviceVariableFamilyCodes_Level,CONTAINED,SIMPLE_U8,1,cst,
6,93,deviceVariableFamilyCodes_Temp,CONTAINED,SIMPLE_U8,1,cst,
6,94,deviceVariableFamilyCodes_NotUsed,CONTAINED,SIMPLE_U8,1,cst,
6,95,currentUnit,CONTAINED,SIMPLE_U8,2,dyn,RAM
6,96,setPVUpRangeValue,CONTAINED,ACTION,1,,
6,97,setPVLowerRangeValue,CONTAINED,ACTION,1,,
6,98,setDeviceVariableNZero,CONTAINED,ACTION,1,,
6,99,setDVZero,CONTAINED,ACTION,1,,
6,100,resetLevelTrim,CONTAINED,ACTION,1,,
6,101,resetTemperatureTrim,CONTAINED,ACTION,1,,
6,102,resetInterfaceTrim,CONTAINED,ACTION,1,,
6,103,writeDeviceVariableCommCode,CONTAINED,SIMPLE_U8,1,dyn,RAM
6,104,ServiceCode,CONTAINED,HART_SERVICECODE,20,dyn,RAM
6,105,serviceCodeLogOut,INPUT,ACTION,1,,
6,106,startingIndexCmd523,CONTAINED,SIMPLE_U8,1,dyn,RAM
6,107,noOfEntriesToReadCmd523,CONTAINED,SIMPLE_U8,1,dyn,RAM
6,108,statusMapArrayCmd523,CONTAINED,SIMPLE_U8,32,dyn,RAM
6,109,HartAccessLevelPrivate,CONTAINED,SIMPLE_U8,1,dyn,RAM
6,110,HartAccessLevel,CONTAINED,TABENUM8,1,dyn,RAM
6,111,fixedOutputValue,CONTAINED,SIMPLE_FLOAT,1,dyn,RAM
6,112,nonValidTransducerSerialNumberCmd54,CONTAINED,SIMPLE_U8,3,cst,
6,113,nonValidFamilyCodeCmd54,CONTAINED,SIMPLE_U8,1,cst,
6,114,nonValidMainTaskDelayTimeMaxCmd54,CONTAINED,SIMPLE_U8,4,cst,
6,115,nonValidMinimumSpanCmd54,CONTAINED,SIMPLE_U8,4,cst,
6,116,nonValidVariablePropertyCmd54,CONTAINED,SIMPLE_U8,1,cst,
6,117,ResetSoftWriteProtectionCmd128,INPUT,ACTION,1,,
6,118,confChangeCounterValueHMI,INPUT,SIMPLE_U16,1,dyn,RAM
6,119,devVariable_Hart,CONTAINED,SIMPLE_U8,6,dyn,RAM
6,120,nonValidDeviceVariable_CMD9,CONTAINED,SIMPLE_U8,6,cst,ROM
6,121,diagSimulationBitIndexCmd527,CONTAINED,SIMPLE_U8,1,dyn,RAM
6,122,diagSimulationValueCodeCmd527,CONTAINED,TABENUM8,1,dyn,RAM
6,123,diagSimulationStatusCmd526,CONTAINED,TABENUM8,1,dyn,RAM
6,124,WaveformOffsetCode,INPUT,TABENUM8,1,dyn,RAM
6,125,WaveformScaleResolutionCode,INPUT,TABENUM8,1,dyn,RAM
6,126,WaveformThresholdIncrementCode,INPUT,TABENUM8,1,dyn,RAM
6,127,HartCMDRevDD,OUTPUT,SIMPLE_U8,1,freqCst,NON_VOLATILE
6,128,dummyNAN,INOUT,SIMPLE_U8,4,CONSTANT,ROM
6,129,deviceVariable_Dummy,INPUT,SIMPLE_U8,6,dyn,RAM
6,130,deviceRevisionHART5,OUTPUT,SIMPLE_U8,1,CONSTANT,ROM
6,131,deviceRevisionHART7,OUTPUT,SIMPLE_U8,1,CONSTANT,ROM
6,132,dummy_250,OUTPUT,SIMPLE_U8,1,CONSTANT,ROM
6,133,lowLevelHmideviceIdNumber,CONTAINED,SIMPLE_U8,6,DYNAMIC,RAM
6,134,longDeviceId,OUTPUT,SIMPLE_U32,1,dyn,READONLY_RAM
6,135,lastReceiveCommandNumber,INOUT,SIMPLE_U16,1,DYNAMIC,RAM
7,0,language,CONTAINED,TABENUM8,1,_DEFINED_AT_COMPILE_TIME,NON_VOLATILE
7,1,mainOperatorView_1_1,CONTAINED,TABENUM8,1,_DEFINED_AT_COMPILE_TIME,NON_VOLATILE
7,2,mainOperatorView_1_2,CONTAINED,TABENUM8,1,_DEFINED_AT_COMPILE_TIME,NON_VOLATILE
7,3,mainOperatorView_1_3,CONTAINED,TABENUM8,1,_DEFINED_AT_COMPILE_TIME,NON_VOLATILE
7,4,mainOperatorView_1_bargraph,CONTAINED,TABENUM8,1,_DEFINED_AT_COMPILE_TIME,NON_VOLATILE
7,5,mainOperatorView_2_1,CONTAINED,TABENUM8,1,_DEFINED_AT_COMPILE_TIME,NON_VOLATILE
7,6,mainOperatorView_2_2,CONTAINED,TABENUM8,1,_DEFINED_AT_COMPILE_TIME,NON_VOLATILE
7,7,mainOperatorView_2_3,CONTAINED,TABENUM8,1,_DEFINED_AT_COMPILE_TIME,NON_VOLATILE
7,8,mainOperatorView_2_bargraph,CONTAINED,TABENUM8,1,_DEFINED_AT_COMPILE_TIME,NON_VOLATILE
7,9,mainOperatorView_3_1,CONTAINED,TABENUM8,1,_DEFINED_AT_COMPILE_TIME,NON_VOLATILE
7,10,mainOperatorView_3_2,CONTAINED,TABENUM8,1,_DEFINED_AT_COMPILE_TIME,NON_VOLATILE
7,11,mainOperatorView_3_3,CONTAINED,TABENUM8,1,_DEFINED_AT_COMPILE_TIME,NON_VOLATILE
7,12,mainOperatorView_3_bargraph,CONTAINED,TABENUM8,1,_DEFINED_AT_COMPILE_TIME,NON_VOLATILE
7,13,mainOperatorView_4_1,CONTAINED,TABENUM8,1,_DEFINED_AT_COMPILE_TIME,NON_VOLATILE
7,14,mainOperatorView_4_2,CONTAINED,TABENUM8,1,_DEFINED_AT_COMPILE_TIME,NON_VOLATILE
7,15,mainOperatorView_4_3,CONTAINED,TABENUM8,1,_DEFINED_AT_COMPILE_TIME,NON_VOLATILE
7,16,mainOperatorView_4_bargraph,CONTAINED,TABENUM8,1,_DEFINED_AT_COMPILE_TIME,NON_VOLATILE
7,17,contrast,CONTAINED,SIMPLE_U8,1,_DEFINED_AT_COMPILE_TIME,NON_VOLATILE
7,18,localOperationEnable,CONTAINED,TABENUM8,1,_DEFINED_AT_COMPILE_TIME,NON_VOLATILE
7,19,displayMode_1,CONTAINED,TABENUM8,1,_DEFINED_AT_COMPILE_TIME,NON_VOLATILE
7,20,displayMode_2,CONTAINED,TABENUM8,1,_DEFINED_AT_COMPILE_TIME,NON_VOLATILE
7,21,displayMode_3,CONTAINED,TABENUM8,1,_DEFINED_AT_COMPILE_TIME,NON_VOLATILE
7,22,displayMode_4,CONTAINED,TABENUM8,1,_DEFINED_AT_COMPILE_TIME,NON_VOLATILE
7,23,autoscrollEnable,CONTAINED,TABENUM8,1,_DEFINED_AT_COMPILE_TIME,NON_VOLATILE
7,24,lowLevelSoftwareRevision,CONTAINED,SIMPLE_U8,1,DYNAMIC,RAM
7,25,defaultContrast,CONTAINED,SIMPLE_U8,1,DYNAMIC,RAM
7,26,diagnosisView,CONTAINED,TABENUM8,1,DYNAMIC,RAM
7,27,customDP_1,CONTAINED,TABENUM8,1,_DEFINED_AT_COMPILE_TIME,NON_VOLATILE
7,28,customDP_2,CONTAINED,TABENUM8,1,_DEFINED_AT_COMPILE_TIME,NON_VOLATILE
7,29,customDP_3,CONTAINED,TABENUM8,1,_DEFINED_AT_COMPILE_TIME,NON_VOLATILE
7,30,customDP_4,CONTAINED,TABENUM8,1,_DEFINED_AT_COMPILE_TIME,NON_VOLATILE
7,31,customDP_5,CONTAINED,TABENUM8,1,_DEFINED_AT_COMPILE_TIME,NON_VOLATILE
7,32,customDP_6,CONTAINED,TABENUM8,1,_DEFINED_AT_COMPILE_TIME,NON_VOLATILE
7,33,customDP_7,CONTAINED,TABENUM8,1,_DEFINED_AT_COMPILE_TIME,NON_VOLATILE
7,34,customDP_8,CONTAINED,TABENUM8,1,_DEFINED_AT_COMPILE_TIME,NON_VOLATILE
7,35,customDP_9,CONTAINED,TABENUM8,1,_DEFINED_AT_COMPILE_TIME,NON_VOLATILE
7,36,customDP_10,CONTAINED,TABENUM8,1,_DEFINED_AT_COMPILE_TIME,NON_VOLATILE
7,37,customDP_11,CONTAINED,TABENUM8,1,_DEFINED_AT_COMPILE_TIME,NON_VOLATILE
7,38,Password,OUTPUT,SIMPLE_U8,6,DYNAMIC,RAM
7,39,SetPassword_StandardLevel,OUTPUT,SIMPLE_U8,6,DYNAMIC,RAM
7,40,SetPassword_AdvancedLevel,OUTPUT,SIMPLE_U8,6,DYNAMIC,RAM
7,41,SetPassword_ServiceLevel,OUTPUT,SIMPLE_U8,6,DYNAMIC,RAM
7,42,SetPassword_StandardLevelDefault,OUTPUT,SIMPLE_U8,6,DYNAMIC,RAM
7,43,SetPassword_AdvancedLevelDefault,OUTPUT,SIMPLE_U8,6,DYNAMIC,RAM
7,44,SetPassword_ServiceLevelDefault,OUTPUT,SIMPLE_U8,6,DYNAMIC,RAM
7,45,DateFormat,CONTAINED,TABENUM8,1,_DEFINED_AT_COMPILE_TIME,NON_VOLATILE
7,46,displayTest,CONTAINED,SIMPLE_U8,1,DYNAMIC,RAM
7,47,Rotation,CONTAINED,TABENUM8,1,_DEFINED_AT_COMPILE_TIME,NON_VOLATILE
7,48,MenuFormat,CONTAINED,TABENUM8,1,_DEFINED_AT_COMPILE_TIME,NON_VOLATILE
7,49,displayMode_5,CONTAINED,TABENUM8,1,_DEFINED_AT_COMPILE_TIME,NON_VOLATILE
7,50,displayMode_6,CONTAINED,TABENUM8,1,_DEFINED_AT_COMPILE_TIME,NON_VOLATILE
7,51,mainOperatorView_5_1,CONTAINED,TABENUM8,1,_DEFINED_AT_COMPILE_TIME,NON_VOLATILE
7,52,mainOperatorView_5_2,CONTAINED,TABENUM8,1,_DEFINED_AT_COMPILE_TIME,NON_VOLATILE
7,53,mainOperatorView_5_3,CONTAINED,TABENUM8,1,_DEFINED_AT_COMPILE_TIME,NON_VOLATILE
7,54,mainOperatorView_5_bargraph,CONTAINED,TABENUM8,1,_DEFINED_AT_COMPILE_TIME,NON_VOLATILE
7,55,mainOperatorView_6_1,CONTAINED,TABENUM8,1,_DEFINED_AT_COMPILE_TIME,NON_VOLATILE
7,56,mainOperatorView_6_2,CONTAINED,TABENUM8,1,_DEFINED_AT_COMPILE_TIME,NON_VOLATILE
7,57,mainOperatorView_6_3,CONTAINED,TABENUM8,1,_DEFINED_AT_COMPILE_TIME,NON_VOLATILE
7,58,mainOperatorView_6_bargraph,CONTAINED,TABENUM8,1,_DEFINED_AT_COMPILE_TIME,NON_VOLATILE
7,59,Customlanguage,CONTAINED,TABENUM8,1,DYNAMIC,RAM
7,60,mainOperatorView_1_4,CONTAINED,TABENUM8,1,_DEFINED_AT_COMPILE_TIME,NON_VOLATILE
7,61,mainOperatorView_2_4,CONTAINED,TABENUM8,1,_DEFINED_AT_COMPILE_TIME,NON_VOLATILE
7,62,mainOperatorView_3_4,CONTAINED,TABENUM8,1,_DEFINED_AT_COMPILE_TIME,NON_VOLATILE
7,63,mainOperatorView_4_4,CONTAINED,TABENUM8,1,_DEFINED_AT_COMPILE_TIME,NON_VOLATILE
7,64,mainOperatorView_5_4,CONTAINED,TABENUM8,1,_DEFINED_AT_COMPILE_TIME,NON_VOLATILE
7,65,mainOperatorView_6_4,CONTAINED,TABENUM8,1,_DEFINED_AT_COMPILE_TIME,NON_VOLATILE
8,0,diagFunCheckMask,INOUT,TABENUM8,1,STATIC_FREQUENT_CONSTANT_DEFAULT,NON_VOLATILE
8,1,diagOffSpecMask,INOUT,TABENUM8,1,STATIC_FREQUENT_CONSTANT_DEFAULT,NON_VOLATILE
8,2,diagMaintainMask,INOUT,TABENUM8,1,STATIC_FREQUENT_CONSTANT_DEFAULT,NON_VOLATILE
8,3,diagSimulationStatus,INOUT,TABENUM8,1,DYNAMIC,RAM
8,4,diagnosisSimulation,INOUT,SIMPLE_U8,16,DYNAMIC,RAM
8,5,diagClearHistory,INOUT,ACTION,1,,
8,6,diagDeviceStatus,INOUT,SIMPLE_U8,6,DYNAMIC,RAM
8,7,diagnosisHighCondition,INOUT,SIMPLE_U8,1,DYNAMIC,RAM
8,8,diagnosisHighClass,INOUT,SIMPLE_U8,1,DYNAMIC,RAM
8,9,diagnosisHighGroup,INOUT,SIMPLE_U8,1,DYNAMIC,RAM
8,10,diagHistory,INOUT,SIMPLE_U8,6,DYNAMIC,RAM
8,11,diagnosisConditionNumber,INOUT,SIMPLE_U8,1,DYNAMIC,RAM
8,12,diagnosisConditionDetailsClass,INPUT,SIMPLE_U8,1,DYNAMIC,RAM
8,13,diagnosisConditionDetailsGroup,INPUT,SIMPLE_U8,1,DYNAMIC,RAM
8,14,diagnosisConditionDetailsPriority,INPUT,SIMPLE_U8,1,DYNAMIC,RAM
8,15,diagnosisConditionDetailsAlarmCounter,INPUT,SIMPLE_U16,1,DYNAMIC,RAM
8,16,diagnosisConditionDetailsAlarmTimeCounterDay,INPUT,SIMPLE_U16,1,DYNAMIC,RAM
8,17,diagnosisConditionDetailsAlarmTimeCounterMsec,INPUT,SIMPLE_U32,1,DYNAMIC,RAM
8,18,diagnosisConditionDetailsTimeStampLastAlarmDay,INPUT,SIMPLE_U16,1,DYNAMIC,RAM
8,19,diagnosisConditionDetailsTimeStampLastAlarmMsec,INPUT,SIMPLE_U32,1,DYNAMIC,RAM
8,20,diagnosisConditionDetailsCodes,INPUT,SIMPLE_U8,14,DYNAMIC,RAM
8,21,diagnosisMasking,INOUT,SIMPLE_U8,6,DYNAMIC,RAM
8,22,standardizedStatus0,INOUT,SIMPLE_U8,1,DYNAMIC,RAM
8,23,standardizedStatus1,INOUT,SIMPLE_U8,1,DYNAMIC,RAM
8,24,analogChannelFixed,INPUT,SIMPLE_U8,1,DYNAMIC,RAM
8,25,PV,INOUT,SIMPLE_FLOAT,1,DYNAMIC,RAM
8,26,SV,INOUT,SIMPLE_FLOAT,1,DYNAMIC,RAM
8,27,TV,INOUT,SIMPLE_FLOAT,1,DYNAMIC,RAM
8,28,QV,INOUT,SIMPLE_FLOAT,1,DYNAMIC,RAM
8,29,PV_Unit,INOUT,SIMPLE_U8,2,DYNAMIC,RAM
8,30,SV_Unit,INOUT,SIMPLE_U8,2,DYNAMIC,RAM
8,31,TV_Unit,INOUT,SIMPLE_U8,2,DYNAMIC,RAM
8,32,QV_Unit,INOUT,SIMPLE_U8,2,DYNAMIC,RAM
8,33,PV_RangeUnit,INOUT,SIMPLE_U8,2,DYNAMIC,RAM
8,34,PV_UpperRange,INOUT,SIMPLE_FLOAT,1,DYNAMIC,RAM
8,35,PV_LowerRange,INOUT,SIMPLE_FLOAT,1,DYNAMIC,RAM
8,36,PV_DampingTime,OUTPUT,FLOAT,1,DYNAMIC,RAM
8,37,PV_Assignment,INOUT,SIMPLE_U8,1,DYNAMIC,RAM
8,38,SV_Assignment,INOUT,SIMPLE_U8,1,DYNAMIC,RAM
8,39,TV_Assignment,INOUT,SIMPLE_U8,1,DYNAMIC,RAM
8,40,QV_Assignment,INOUT,SIMPLE_U8,1,DYNAMIC,RAM
8,41,PV_Private,INOUT,SIMPLE_U8,1,Protected,RAM
8,42,SV_Private,INOUT,SIMPLE_U8,1,Protected,RAM
8,43,TV_Private,INOUT,SIMPLE_U8,1,Protected,RAM
8,44,QV_Private,INOUT,SIMPLE_U8,1,Protected,RAM
8,45,PV_Classification,OUTPUT,SIMPLE_U8,1,DYNAMIC,RAM
8,46,SV_Classification,OUTPUT,SIMPLE_U8,1,DYNAMIC,RAM
8,47,TV_Classification,OUTPUT,SIMPLE_U8,1,DYNAMIC,RAM
8,48,QV_Classification,OUTPUT,SIMPLE_U8,1,DYNAMIC,RAM
8,49,PV_Status,OUTPUT,SIMPLE_U8,1,DYNAMIC,RAM
8,50,SV_Status,OUTPUT,SIMPLE_U8,1,DYNAMIC,RAM
8,51,TV_Status,OUTPUT,SIMPLE_U8,1,DYNAMIC,RAM
8,52,QV_Status,OUTPUT,SIMPLE_U8,1,DYNAMIC,RAM
8,53,PV_TimeStamp,OUTPUT,SIMPLE_U32,1,DYNAMIC,RAM
8,54,SV_TimeStamp,OUTPUT,SIMPLE_U32,1,DYNAMIC,RAM
8,55,TV_TimeStamp,OUTPUT,SIMPLE_U32,1,DYNAMIC,RAM
8,56,QV_TimeStamp,OUTPUT,SIMPLE_U32,1,DYNAMIC,RAM
8,57,PV_TFCode,OUTPUT,TABENUM8,1,DYNAMIC,RAM
8,58,PV_ACFlag,OUTPUT,TABENUM8,1,DYNAMIC,RAM
8,59,PV_Percentage,INPUT,SIMPLE_FLOAT,1,DYNAMIC,RAM
8,60,PV_Mask0,INPUT,TABENUM8,1,STATIC_FREQUENT_CONSTANT_DEFAULT,NON_VOLATILE
8,61,PV_Mask1,INPUT,TABENUM8,1,STATIC_FREQUENT_CONSTANT_DEFAULT,NON_VOLATILE
8,62,PV_Mask2,INPUT,TABENUM8,1,STATIC_FREQUENT_CONSTANT_DEFAULT,NON_VOLATILE
8,63,PV_Mask3,INPUT,TABENUM8,1,STATIC_FREQUENT_CONSTANT_DEFAULT,NON_VOLATILE
8,64,PV_Mask4,INPUT,TABENUM8,1,STATIC_FREQUENT_CONSTANT_DEFAULT,NON_VOLATILE
8,65,S_T_Q_V_Mask0,INPUT,TABENUM8,3,STATIC_FREQUENT_CONSTANT_DEFAULT,NON_VOLATILE
8,66,S_T_Q_V_Mask1,INPUT,TABENUM8,3,STATIC_FREQUENT_CONSTANT_DEFAULT,NON_VOLATILE
8,67,S_T_Q_V_Mask2,INPUT,TABENUM8,3,STATIC_FREQUENT_CONSTANT_DEFAULT,NON_VOLATILE
8,68,S_T_Q_V_Mask3,INPUT,TABENUM8,3,STATIC_FREQUENT_CONSTANT_DEFAULT,NON_VOLATILE
8,69,S_T_Q_V_Mask4,INPUT,TABENUM8,3,STATIC_FREQUENT_CONSTANT_DEFAULT,NON_VOLATILE
8,70,S_T_Q_V_Mask5,INPUT,TABENUM8,3,STATIC_FREQUENT_CONSTANT_DEFAULT,NON_VOLATILE
8,71,S_T_Q_V_Mask6,INPUT,TABENUM8,3,STATIC_FREQUENT_CONSTANT_DEFAULT,NON_VOLATILE
8,72,S_T_Q_V_Mask7,INPUT,TABENUM8,3,STATIC_FREQUENT_CONSTANT_DEFAULT,NON_VOLATILE
8,73,S_T_Q_V_Mask8,INPUT,TABENUM8,3,STATIC_FREQUENT_CONSTANT_DEFAULT,NON_VOLATILE
8,74,S_T_Q_V_Mask9,INPUT,TABENUM8,3,STATIC_FREQUENT_CONSTANT_DEFAULT,NON_VOLATILE
8,75,selectionMaskLocal,INOUT,SIMPLE_U16,1,STATIC_FREQUENT_CONSTANT_DEFAULT,NON_VOLATILE
8,76,PVPercent_Unit,OUTPUT,SIMPLE_U8,2,CONSTANT,ROM
8,77,PVPercent_Range,INOUT,FLOAT,1,DYNAMIC,RAM
8,78,currentUnit,CONTAINED,SIMPLE_U8,2,CONSTANT,ROM
8,79,PVPercent_Classification,OUTPUT,SIMPLE_U8,1,CONSTANT,ROM
8,80,setCurrentValueAsPVRange,INPUT,TABENUM8,1,DYNAMIC,RAM
8,81,Sensor_Type,CONTAINED,TABENUM8,1,DYNAMIC,READONLY_RAM
8,82,PV_Limit,CONTAINED,SIMPLE_FLOAT,2,DYNAMIC,RAM
8,83,PV_MinimumSpan,CONTAINED,SIMPLE_FLOAT,1,DYNAMIC,RAM
8,84,FamilyRevision,CONTAINED,SIMPLE_U8,1,CONSTANT,ROM
8,85,Addl_Sensor_Available,CONTAINED,TABENUM8,1,DYNAMIC,RAM
8,86,Ullage_Available,CONTAINED,SIMPLE_U8,1,CONSTANT,ROM
8,87,Calibration_Points_MaxNo,CONTAINED,SIMPLE_U8,1,CONSTANT,ROM
8,88,Sensor_Compensation_Available,CONTAINED,SIMPLE_U8,1,CONSTANT,ROM
8,89,Blocking_Distances_Available,CONTAINED,SIMPLE_U8,1,CONSTANT,ROM
8,90,Dev_VarCode_MediaLevel,CONTAINED,,1,CONSTANT,ROM
8,91,Dev_VarCode_Ullage,CONTAINED,SIMPLE_U8,1,CONSTANT,ROM
8,92,Dev_VarCode_Addl_Sensor,CONTAINED,TABENUM8,1,DYNAMIC,RAM
8,93,Proxy_MediaLevel_Unit,CONTAINED,SIMPLE_U8,2,DYNAMIC,RAM
8,94,Proxy_MediaLevel_Value,CONTAINED,SIMPLE_FLOAT,1,DYNAMIC,RAM
8,95,Dummy_Media_Level_Variable_Code,CONTAINED,SIMPLE_U8,1,DYNAMIC,RAM
8,96,Dummy_Temp_Variable_Code,CONTAINED,SIMPLE_U8,1,DYNAMIC,RAM
8,97,Dummy_Temp_units,CONTAINED,SIMPLE_U8,2,DYNAMIC,RAM
8,98,Dummy_Temp_Value,CONTAINED,SIMPLE_FLOAT,1,DYNAMIC,RAM
8,99,Addl_Sensor_Value,CONTAINED,SIMPLE_FLOAT,1,DYNAMIC,RAM
8,100,DummySensorValue,OUTPUT,SIMPLE_FLOAT,1,DYNAMIC,RAM
8,101,CalibrationFunctionCode,CONTAINED,TABENUM8,1,DYNAMIC,RAM
8,102,CalibrationIndex,CONTAINED,TABENUM8,1,DYNAMIC,RAM
8,103,CalibrationPointValue,CONTAINED,SIMPLE_FLOAT,1,DYNAMIC,RAM
8,104,Dummy_Password,CONTAINED,SIMPLE_U8,6,DYNAMIC,RAM
8,105,HSetPassword_StandardLevel,CONTAINED,SIMPLE_U8,6,DYNAMIC,RAM
8,106,HSetPassword_AdvancedLevel,CONTAINED,SIMPLE_U8,6,DYNAMIC,RAM
8,107,HSetPassword_ServiceLevel,CONTAINED,SIMPLE_U8,6,DYNAMIC,RAM
8,108,diagSimulationStatusCmd526,INPUT,TABENUM8,1,DYNAMIC,RAM
8,109,diagnosisCounter,INPUT,SIMPLE_U16,1,DYNAMIC,RAM
8,110,protectedDataStatus,CONTAINED,SIMPLE_U8,1,Protected,RAM
8,111,protectedDataCrc,CONTAINED,SIMPLE_U16,1,Unprotected,RAM
8,112,PVPct_Range_DeviceVariable_244,OUTPUT,SIMPLE_U8,6,DYNAMIC,RAM
8,113,PVmA_DeviceVariable_245,OUTPUT,SIMPLE_U8,6,DYNAMIC,RAM
8,114,PV_DeviceVariable_246,OUTPUT,SIMPLE_U8,6,DYNAMIC,RAM
8,115,SV_DeviceVariable_247,OUTPUT,SIMPLE_U8,6,DYNAMIC,RAM
8,116,TV_DeviceVariable_248,OUTPUT,SIMPLE_U8,6,DYNAMIC,RAM
8,117,QV_DeviceVariable_249,OUTPUT,SIMPLE_U8,6,DYNAMIC,RAM
8,118,CMD82_LevelTrim,INPUT,SIMPLE_FLOAT,1,DYNAMIC,RAM
8,119,CMD82_TemperatureTrim,INPUT,SIMPLE_FLOAT,1,DYNAMIC,RAM
8,120,CMD82_LevelTrim_Obj,INPUT,UOM_PF,1,,
8,121,CMD82_TemperatureTrim_Obj,INPUT,UOM_PF,1,,
8,122,mapperAlarmSimulation,INOUT,SIMPLE_U8,1,Protected,RAM
8,123,mapperDiagnosis,INPUT,SIMPLE_U8,1,DynamicDuplicated,RAM
8,124,mapperDiagnosisDuplicated,CONTAINED,SIMPLE_U8,1,DynamicDuplicated,RAM
8,125,Dummy_LevelCalibrationValue,INPUT,SIMPLE_FLOAT,1,DYNAMIC,RAM
8,126,Dummy_SensorCalibrationValue,INPUT,SIMPLE_FLOAT,1,DYNAMIC,RAM
8,127,DummySensorPointAtIndex,INPUT,SIMPLE_FLOAT,1,DYNAMIC,RAM
8,128,DummyLevelPointAtIndex,INPUT,SIMPLE_FLOAT,1,DYNAMIC,RAM
8,129,DummyMatchLengthUnits,INPUT,SIMPLE_U8,1,DYNAMIC,RAM
8,130,WetLevelCalibration_Obj,CONTAINED,UOM_PF,1,,
8,131,DummySensorCalibration_Obj,CONTAINED,UOM_PF,1,,
8,132,DryLevelCalibration_Obj,CONTAINED,UOM_PF,1,,
8,133,LinPointIndex,INPUT,TABENUM8,1,DYNAMIC,RAM
8,134,LinPoint_InputTest_Obj,INPUT,UOM_PF,1,,
8,135,LinPoint_OutputTest_Length_Obj,INPUT,UOM_PF,1,,
8,136,LinPoint_OutputTest_Volume_Obj,INPUT,UOM_PF,1,,
8,137,LinPoint_OutputTest_Flow_Obj,INPUT,UOM_PF,1,,
8,138,LinPoint_InputTestValue,INPUT,SIMPLE_FLOAT,1,DYNAMIC,RAM
8,139,LinPoint_OutputTestValue,INPUT,SIMPLE_FLOAT,1,DYNAMIC,RAM
8,140,Mapper_LinPointStatus,INPUT,TABENUM8,1,DYNAMIC,RAM
8,141,ReadLinPointAtIndex,INPUT,TABENUM8,1,DYNAMIC,RAM
8,142,ReadLinPointStatusAtIndex,OUTPUT,SIMPLE_U8,1,DYNAMIC,RAM
8,143,Proxy_MediaLevelSetPoints,CONTAINED,SIMPLE_FLOAT,2,DYNAMIC,RAM
8,144,Proxy_SensorPoints,CONTAINED,SIMPLE_FLOAT,2,DYNAMIC,RAM
8,145,Proxy_MediaLevelOffset,CONTAINED,SIMPLE_FLOAT,1,DYNAMIC,RAM
8,146,diagNoneMask,INOUT,TABENUM8,1,STATIC_FREQUENT_CONSTANT_DEFAULT,NON_VOLATILE
9,0,dummyLevelAlarmFloat_Obj,CONTAINED,UOM_PF,1,,
9,1,dummyInterfaceAlarmFloat_Obj,CONTAINED,UOM_PF,1,,
9,2,dummyUllageAlarmFloat235_Obj,CONTAINED,UOM_PF,1,,
9,3,dummySensorOffset_Obj,CONTAINED,UOM_PF,1,,
9,4,dataSimulationStatus,CONTAINED,TABENUM8,7,Protected,RAM
9,5,MeasuredLevel,OUTPUT,SIMPLE_FLOAT,2,DynamicDuplicated,RAM
9,6,MediaLevel,OUTPUT,SIMPLE_FLOAT,2,DynamicDuplicated,RAM
9,7,MeasuredLevel_Obj,OUTPUT,UOM_PF,1,,
9,8,MediaLevel_Obj,OUTPUT,UOM_PF,1,,
9,9,Level_Obj,CONTAINED,UOM_PF,1,,
9,10,Level_DampingTime,CONTAINED,FLOAT,1,ReplaceStaticFrequentStaticDefault,NON_VOLATILE
9,11,Lin_InputUnit_Obj,CONTAINED,UOM_PF,1,,
9,12,distance_Input_UnitCode,INPUT,TABENUM8,1,ReplaceStaticFrequentLinTable,NON_VOLATILE
9,13,distance_UnitCode,CONTAINED,TABENUM8,1,ReplaceStaticFrequentStaticDefault,NON_VOLATILE
9,14,volume_UnitCode,CONTAINED,TABENUM8,1,ReplaceStaticFrequentStaticDefault,NON_VOLATILE
9,15,flow_UnitCode,CONTAINED,TABENUM8,1,ReplaceStaticFrequentStaticDefault,NON_VOLATILE
9,16,distance_Output_UnitCode,CONTAINED,TABENUM8,1,ReplaceStaticFrequentLinTable,NON_VOLATILE
9,17,volume_Output_UnitCode,CONTAINED,TABENUM8,1,ReplaceStaticFrequentLinTable,NON_VOLATILE
9,18,flow_Output_UnitCode,CONTAINED,TABENUM8,1,ReplaceStaticFrequentLinTable,NON_VOLATILE
9,19,lvlDiagnosis,CONTAINED,SIMPLE_U32,1,DynamicDuplicated,RAM
9,20,lvlAlarmSimulation,CONTAINED,SIMPLE_U8,4,DynamicDuplicated,RAM
9,21,DV_Status,CONTAINED,SIMPLE_U8,7,Unprotected,RAM
9,22,DV_Status_Sim,CONTAINED,SIMPLE_U8,7,Unprotected,RAM
9,23,DV_Property,CONTAINED,TABENUM8,7,Unprotected,RAM
9,24,DV_AlarmConfigState,CONTAINED,TABENUM8,7,ReplaceStaticFrequentStaticDefault2,NON_VOLATILE
9,25,LinLevel_LevelSim_Obj,CONTAINED,UOM_PF,1,,
9,26,LinLevel_FlowSim_Obj,CONTAINED,UOM_PF,1,,
9,27,LinLevel_VolumeSim_Obj,CONTAINED,UOM_PF,1,,
9,28,LinLevel_LevelRange_Obj,CONTAINED,UOM_PF,1,,
9,29,LinLevel_FlowRange_Obj,CONTAINED,UOM_PF,1,,
9,30,LinLevel_VolumeRange_Obj,CONTAINED,UOM_PF,1,,
9,31,LinLevel_LevelRange_Dummy_Obj,CONTAINED,UOM_PF,1,,
9,32,LinLevel_FlowRange_Dummy_Obj,CONTAINED,UOM_PF,1,,
9,33,LinLevel_VolumeRange_Dummy_Obj,CONTAINED,UOM_PF,1,,
9,34,LinLevel_LevelObj,CONTAINED,UOM_PF,1,,
9,35,LinLevel_FlowObj,CONTAINED,UOM_PF,1,,
9,36,LinLevel_VolumeObj,CONTAINED,UOM_PF,1,,
9,37,Lin_ClassMask0,CONTAINED,TABENUM8,1,Unprotected,RAM
9,38,Lin_ClassMask1,CONTAINED,TABENUM8,1,Unprotected,RAM
9,39,Lin_Classification,,,,,
9,40,Lin_Level_Classification,CONTAINED,SIMPLE_U8,1,CONSTANT,ROM
9,41,Lin_Volume_Flow_Classification,CONTAINED,SIMPLE_U8,1,CONSTANT,ROM
9,42,Lin_Volume_Classification,CONTAINED,SIMPLE_U8,1,CONSTANT,ROM
9,43,Level_Status,CONTAINED,SIMPLE_U8,2,Unprotected,RAM
9,44,Interface_Status,CONTAINED,SIMPLE_U8,2,Unprotected,RAM
9,45,LinLevel_LevelMinimumSpan_Obj,CONTAINED,UOM_PF,1,,
9,46,LinLevel_FlowMinimumSpan_Obj,CONTAINED,UOM_PF,1,,
9,47,LinLevel_VolumeMinimumSpan_Obj,CONTAINED,UOM_PF,1,,
9,48,LinLevel_LevelAlarm_Obj,CONTAINED,UOM_PF,1,,
9,49,LinLevel_FlowAlarm_Obj,CONTAINED,UOM_PF,1,,
9,50,LinLevel_VolumeAlarm_Obj,CONTAINED,UOM_PF,1,,
9,51,Ullage_Obj,CONTAINED,UOM_PF,1,,
9,52,UllageSim_Obj,CONTAINED,UOM_PF,1,,
9,53,Ullage_Range_Obj,CONTAINED,UOM_PF,1,,
9,54,Ullage_Range_Dummy_Obj,CONTAINED,UOM_PF,1,,
9,55,Ullage_MinimumSpan_Obj,CONTAINED,UOM_PF,1,,
9,56,Ullage_Alarm_Obj,CONTAINED,UOM_PF,1,,
9,57,Interface_Obj,CONTAINED,UOM_PF,1,,
9,58,LinInterface_LevelSim_Obj,CONTAINED,UOM_PF,1,,
9,59,LinInterface_VolumeSim_Obj,CONTAINED,UOM_PF,1,,
9,60,LinInterface_LevelRange_Obj,CONTAINED,UOM_PF,1,,
9,61,LinInterface_VolumeRange_Dummy_Obj,CONTAINED,UOM_PF,1,,
9,62,LinInterface_LevelRange_Dummy_Obj,CONTAINED,UOM_PF,1,,
9,63,LinInterface_VolumeRange_Obj,CONTAINED,UOM_PF,1,,
9,64,LinInterface_LevelObj,CONTAINED,UOM_PF,1,,
9,65,LinInterface_VolumeObj,CONTAINED,UOM_PF,1,,
9,66,LinInterface_LevelMinimumSpan_Obj,CONTAINED,UOM_PF,1,,
9,67,LinInterface_VolumeMinimumSpan_Obj,CONTAINED,UOM_PF,1,,
9,68,LinInterface_Alarm,CONTAINED,FLOAT,4,ReplaceStaticFrequentStaticDefault2,NON_VOLATILE
9,69,LinInterface_LevelAlarm_Obj,CONTAINED,UOM_PF,1,,
9,70,LinInterface_VolumeAlarm_Obj,CONTAINED,UOM_PF,1,,
9,71,LIN_Point_Status,CONTAINED,TABENUM8,21,ReplaceStaticFrequentLinTable,NON_VOLATILE
9,72,HMI_LIN_Input_Point_Obj,CONTAINED,LIN_TAB_FLOAT_IF,1,DYNAMIC,RAM
9,73,HMI_LIN_Output_Point_Obj,CONTAINED,LIN_TAB_FLOAT_IF,1,DYNAMIC,RAM
9,74,LinLevel_Limit_Obj,CONTAINED,UOM_PF,1,,
9,75,Ullage_Limit_Obj,CONTAINED,UOM_PF,1,,
9,76,Write_LIN_Output_Limit_Length_Obj,INPUT,UOM_PF,1,,
9,77,Write_LIN_Output_Limit_Volume_Obj,INPUT,UOM_PF,1,,
9,78,Write_LIN_Output_Limit_Flow_Obj,INPUT,UOM_PF,1,,
9,79,Proxy_Read_LIN_Output_Limit_Obj,OUTPUT,UOM_PF,1,,
9,80,Proxy_Write_LIN_Output_Limit_Obj,INPUT,UOM_PF,1,,
9,81,LIN_Output_PointLevel_Obj,CONTAINED,UOM_PF,1,,
9,82,LIN_Output_PointFlow_Obj,CONTAINED,UOM_PF,1,,
9,83,LIN_Output_PointVolume_Obj,CONTAINED,UOM_PF,1,,
9,84,LIN_Output_PointDummy_Obj,CONTAINED,UOM_PF,1,,
9,85,LIN_Input_PointDummy_Obj,CONTAINED,UOM_PF,1,,
9,86,LIN_Input_Point_Obj,CONTAINED,UOM_PF,1,,
9,87,LIN_Input_Mode,CONTAINED,TABENUM8,1,DYNAMIC,RAM
9,88,LIN_TestInputPoint,CONTAINED,SIMPLE_FLOAT,1,DYNAMIC,RAM
9,89,LIN_TestOutputPoint,CONTAINED,SIMPLE_FLOAT,1,DYNAMIC,RAM
9,90,Linearization_Range_Level_Obj,CONTAINED,UOM_PF,1,,
9,91,Linearization_Range_Flow_Obj,CONTAINED,UOM_PF,1,,
9,92,Linearization_Range_Volume_Obj,CONTAINED,UOM_PF,1,,
9,93,LIN_Output_Limit_Volume_Obj,CONTAINED,UOM_PF,1,,
9,94,LIN_Output_Limit_Flow_Obj,CONTAINED,UOM_PF,1,,
9,95,BackupLinTable,CONTAINED,ACTION,1,,
9,96,RestoreLinTable,CONTAINED,ACTION,1,,
9,97,ClearLinTable,CONTAINED,ACTION,1,,
9,98,LIN_Table_Action,CONTAINED,TABENUM8,1,DYNAMIC,RAM
9,99,LIN_Table_Enabled_State,CONTAINED,TABENUM8,1,ReplaceStaticFrequentLinTable,NON_VOLATILE
9,100,AlarmDelay,CONTAINED,FLOAT,1,ReplaceStaticFrequentStaticDefault2,NON_VOLATILE
9,101,Level_Offset_Obj,CONTAINED,UOM_PF,1,,
9,102,DummyLevel_Offset_Obj,CONTAINED,UOM_PF,1,,
9,103,UllageReferencePoint_Obj,CONTAINED,UOM_PF,1,,
9,104,DummyUllageReferencePoint_Obj,CONTAINED,UOM_PF,1,,
9,105,LinLevel_Level_DeviceVariable_CMD9,OUTPUT,SIMPLE_U8,6,DYNAMIC,RAM
9,106,LinLevel_Flow_DeviceVariable_CMD9,OUTPUT,SIMPLE_U8,6,DYNAMIC,RAM
9,107,LinLevel_Volume_DeviceVariable_CMD9,OUTPUT,SIMPLE_U8,6,DYNAMIC,RAM
9,108,Ullage_DeviceVariable_CMD9,OUTPUT,SIMPLE_U8,6,DYNAMIC,RAM
9,109,LinInterface_Level_DeviceVariable_CMD9,OUTPUT,SIMPLE_U8,6,DYNAMIC,RAM
9,110,LinInterface_Volume_DeviceVariable_CMD9,OUTPUT,SIMPLE_U8,6,DYNAMIC,RAM
9,111,T_DeviceVariable_CMD9,OUTPUT,SIMPLE_U8,6,DYNAMIC,RAM
9,112,CalibrationLevelPoints,INOUT,SIMPLE_FLOAT,4,ReplaceStaticFrequentStaticDefault,NON_VOLATILE
9,113,LevelPoints_Obj,OUTPUT,UOM_PF,1,,
9,114,calibrationFactor,CONTAINED,SIMPLE_FLOAT,2,DynamicDuplicated,RAM
9,115,SensorCompensation,INPUT,FLOAT,2,ReplaceStaticFrequentStaticDefault,NON_VOLATILE
9,116,SensorValues,OUTPUT,SIMPLE_FLOAT,2,DynamicDuplicated,RAM
9,117,CalibrationSensorPoints,INOUT,SIMPLE_FLOAT,4,ReplaceStaticFrequentStaticDefault,NON_VOLATILE
9,118,IntLevelPoints_Obj,OUTPUT,UOM_PF,1,,
9,119,IntSensorPoints_Obj,OUTPUT,UOM_PF,1,,
9,120,SensorValues_Obj,OUTPUT,UOM_PF,1,,
9,121,SensorPoints_Obj,OUTPUT,UOM_PF,1,,
9,122,SensorOffset_Obj,OUTPUT,UOM_PF,1,,
9,123,mountOrientation,INOUT,TABENUM8,1,ReplaceStaticFrequentStaticDefault,NON_VOLATILE
9,124,LinLevel_Calc_Time,CONTAINED,SIMPLE_U32,2,DYNAMIC,RAM
9,125,Ullage_Calc_Time,CONTAINED,SIMPLE_U32,2,DYNAMIC,RAM
9,126,LinInterface_Calc_Time,CONTAINED,SIMPLE_U32,2,DYNAMIC,RAM
9,127,LevelDampingCycleInput,CONTAINED,SIMPLE_FLOAT,2,DYNAMIC,RAM
9,128,levelSensorLimits,CONTAINED,RANGEFLT,1,DYNAMIC,RAM
9,129,levelSensorLimits_Obj,CONTAINED,UOM_PF,1,,
9,130,LevelAlarmLimitSelectionCode,CONTAINED,TABENUM8,1,DYNAMIC,RAM
9,131,T_UnitCode,CONTAINED,TABENUM8,1,ReplaceStaticFrequentStaticDefault,NON_VOLATILE
9,132,dummy_T_UnitCode,CONTAINED,TABENUM8,1,DYNAMIC,RAM
9,133,T_Obj,CONTAINED,UOM_PF,1,,
9,134,T_Calc_Time,CONTAINED,SIMPLE_U32,2,DYNAMIC,RAM
9,135,T_Sim_Obj,CONTAINED,UOM_PF,1,,
9,136,T_Range_Obj,CONTAINED,UOM_PF,1,,
9,137,T_Range_Dummy_Obj,CONTAINED,UOM_PF,1,,
9,138,T_Classification,CONTAINED,SIMPLE_U8,1,CONSTANT,ROM
9,139,T_DampingTime,CONTAINED,FLOAT,1,ReplaceStaticFrequentStaticDefault,NON_VOLATILE
9,140,T_MinimumSpan_Obj,CONTAINED,UOM_PF,1,,
9,141,T_transducerSerialNumber,CONTAINED,SIMPLE_U8,3,Protected,RAM
9,142,T_Alarm_Obj,CONTAINED,UOM_PF,1,,
9,143,T_History_Values_Obj,,,,,
9,144,T_History_Values_Reset,INPUT,ACTION,1,,
9,145,T_Offset_Obj,CONTAINED,UOM_PF,1,,
9,146,dummy_T_Offset_Obj,CONTAINED,UOM_PF,1,,
9,147,T_SensorLimits_Obj,CONTAINED,UOM_PF,1,,
9,148,dummy_T_AlarmFloat235_Obj,CONTAINED,UOM_PF,1,,
9,149,ResetFactoryLevelCalibration,CONTAINED,SIMPLE_U8,1,DYNAMIC,RAM
9,150,ResetFactoryTempCalibration,CONTAINED,SIMPLE_U8,1,DYNAMIC,RAM
9,151,dummy_Distance_UnitCode_2,INOUT,TABENUM8,1,DYNAMIC,RAM
9,152,dummy_Distance_UnitCode,INOUT,TABENUM8,1,DYNAMIC,RAM
9,153,dynamicAlarmValue,INPUT,SIMPLE_FLOAT,1,DYNAMIC,RAM
9,154,Set_DV_Offset,INPUT,SIMPLE_U8,1,DYNAMIC,RAM
9,155,T_History_Values,,,,,
9,156,T_Alarm,CONTAINED,FLOAT,4,ReplaceStaticFrequentStaticDefault2,NON_VOLATILE
9,157,SensorOffset,INOUT,FLOAT,2,ReplaceStaticFrequentStaticDefault,NON_VOLATILE
9,158,Level_Damped,CONTAINED,FLOAT,1,DynamicDuplicated,RAM
9,159,T_Range,CONTAINED,RANGEFLT,1,ReplaceStaticFrequentStaticDefault,NON_VOLATILE
9,160,dummy_Flow_UnitCode,CONTAINED,TABENUM8,1,DYNAMIC,RAM
9,161,dummy_Volume_UnitCode,CONTAINED,TABENUM8,1,DYNAMIC,RAM
9,162,Level_Limit,CONTAINED,RANGEFLT,1,Protected,RAM
9,163,T_MinimumSpan,CONTAINED,SIMPLE_FLOAT,1,DYNAMIC,RAM
9,164,mediaLevel_MinimumSpan,CONTAINED,SIMPLE_FLOAT,1,DYNAMIC,RAM
9,165,Level_MinimumSpan_Obj,CONTAINED,UOM_PF,1,,
9,166,Level_DV_MinimumSpan,CONTAINED,SIMPLE_FLOAT,1,DYNAMIC,RAM
9,167,Interface_DV_MinimumSpan,CONTAINED,SIMPLE_FLOAT,1,DYNAMIC,RAM
9,168,Linearize_MinimumSpan,CONTAINED,SIMPLE_FLOAT,1,DYNAMIC,RAM
9,169,Level_DV_Limit,CONTAINED,RANGEFLT,1,DYNAMIC,RAM
9,170,Level_DV_Value_Sim,CONTAINED,SIMPLE_FLOAT,1,Protected,RAM
9,171,Level_DV_Range,CONTAINED,RANGEFLT,1,ReplaceStaticFrequentStaticDefault,NON_VOLATILE
9,172,Level_DV_Percentage,CONTAINED,SIMPLE_FLOAT,1,DynamicDuplicated,RAM
9,173,Level_DV_Alarm,CONTAINED,SIMPLE_FLOAT,4,ReplaceStaticFrequentStaticDefault2,NON_VOLATILE
9,174,Level_DV_Value,,,,,
9,175,LinLevel_Sim,CONTAINED,SIMPLE_FLOAT,1,Protected,RAM
9,176,LinLevel_Range,CONTAINED,RANGEFLT,1,ReplaceStaticFrequentStaticDefault,NON_VOLATILE
9,177,LinLevel_Percentage,CONTAINED,FLOAT,1,DynamicDuplicated,RAM
9,178,LinLevel_Alarm,CONTAINED,SIMPLE_FLOAT,4,ReplaceStaticFrequentStaticDefault2,NON_VOLATILE
9,179,LinLevel_Value,,,,,
9,180,LinInterface_Sim,CONTAINED,SIMPLE_FLOAT,1,Protected,RAM
9,181,LinInterface_Range,CONTAINED,RANGEFLT,1,ReplaceStaticFrequentStaticDefault,NON_VOLATILE
9,182,LinInterface_Percentage,CONTAINED,FLOAT,1,DynamicDuplicated,RAM
9,183,LinInterface_Value,CONTAINED,SIMPLE_FLOAT,1,DynamicDuplicated,RAM
9,184,Interface_DV_Sim,CONTAINED,SIMPLE_FLOAT,1,Protected,RAM
9,185,Interface_DV_Range,CONTAINED,RANGEFLT,1,ReplaceStaticFrequentStaticDefault,NON_VOLATILE
9,186,Interface_DV_Percentage,CONTAINED,SIMPLE_FLOAT,1,DynamicDuplicated,RAM
9,187,Interface_DV_Value,CONTAINED,SIMPLE_FLOAT,1,DynamicDuplicated,RAM
9,188,Interface_DV_Alarm,CONTAINED,SIMPLE_FLOAT,4,ReplaceStaticFrequentStaticDefault2,NON_VOLATILE
9,189,UllageReferencePoint,CONTAINED,FLOAT,1,ReplaceStaticFrequentStaticDefault,NON_VOLATILE
9,190,Ullage_Sim,CONTAINED,SIMPLE_FLOAT,1,Protected,RAM
9,191,Ullage_Limit,CONTAINED,RANGEFLT,1,DYNAMIC,RAM
9,192,Ullage_Range,CONTAINED,RANGEFLT,1,ReplaceStaticFrequentStaticDefault,NON_VOLATILE
9,193,Ullage_Percentage,CONTAINED,FLOAT,1,DynamicDuplicated,RAM
9,194,Ullage_Damped,CONTAINED,FLOAT,1,DynamicDuplicated,RAM
9,195,Ullage_Alarm,CONTAINED,FLOAT,4,ReplaceStaticFrequentStaticDefault2,NON_VOLATILE
9,196,dummy_Range,CONTAINED,FLOAT,2,DYNAMIC,RAM
9,197,Interface_Damped,CONTAINED,FLOAT,1,DynamicDuplicated,RAM
9,198,Linearization_Range,CONTAINED,RANGEFLT,1,ReplaceStaticFrequentLinTable,NON_VOLATILE
9,199,Level_Offset,CONTAINED,SIMPLE_FLOAT,2,ReplaceStaticFrequentStaticDefault,NON_VOLATILE
9,200,deviceVariable_Offset,INPUT,SIMPLE_FLOAT,7,ReplaceStaticFrequentStaticDefault,NON_VOLATILE
9,201,protectedDataCrc,CONTAINED,SIMPLE_U16,1,Unprotected,RAM
9,202,protectedDataStatus,CONTAINED,TABENUM8,1,Protected,RAM
9,203,LIN_Output_Point,CONTAINED,SIMPLE_FLOAT,21,ReplaceStaticFrequentLinTable,NON_VOLATILE
9,204,LIN_Input_Point,CONTAINED,SIMPLE_FLOAT,21,ReplaceStaticFrequentLinTable,NON_VOLATILE
9,205,T_Sim,CONTAINED,SIMPLE_FLOAT,1,Protected,RAM
9,206,T_Damped,CONTAINED,FLOAT,1,DynamicDuplicated,RAM
9,207,T_DampingCycleInput,CONTAINED,SIMPLE_FLOAT,1,DYNAMIC,RAM
9,208,T_Offset,CONTAINED,FLOAT,1,ReplaceStaticFrequentStaticDefault,NON_VOLATILE
9,209,T_SensorLimits,CONTAINED,RANGEFLT,1,DYNAMIC,RAM
9,210,SensorValues_Duplicated,CONTAINED,SIMPLE_FLOAT,2,DynamicDuplicated,RAM
9,211,calibrationFactor_Duplicated,CONTAINED,SIMPLE_FLOAT,2,DynamicDuplicated,RAM
9,212,MeasuredLevel_Duplicated,CONTAINED,SIMPLE_FLOAT,2,DynamicDuplicated,RAM
9,213,MediaLevel_Duplicated,CONTAINED,SIMPLE_FLOAT,2,DynamicDuplicated,RAM
9,214,T_Damped_Duplicated,CONTAINED,SIMPLE_FLOAT,1,DynamicDuplicated,RAM
9,215,lvlDiagnosis_Duplicated,CONTAINED,SIMPLE_U32,1,DynamicDuplicated,RAM
9,216,lvlAlarmSimulation_Duplicated,CONTAINED,SIMPLE_U8,4,DynamicDuplicated,RAM
9,217,Level_Damped_Duplicated,CONTAINED,SIMPLE_FLOAT,1,DynamicDuplicated,RAM
9,218,LinLevel_Value_Duplicated,CONTAINED,SIMPLE_FLOAT,1,DynamicDuplicated,RAM
9,219,LinLevel_Percentage_Duplicated,CONTAINED,SIMPLE_FLOAT,1,DynamicDuplicated,RAM
9,220,Ullage_Damped_Duplicated,CONTAINED,SIMPLE_FLOAT,1,DynamicDuplicated,RAM
9,221,Ullage_Percentage_Duplicated,CONTAINED,SIMPLE_FLOAT,1,DynamicDuplicated,RAM
9,222,Interface_Damped_Duplicated,CONTAINED,SIMPLE_FLOAT,1,DynamicDuplicated,RAM
9,223,LinInterface_Value_Duplicated,CONTAINED,SIMPLE_FLOAT,1,DynamicDuplicated,RAM
9,224,LinInterface_Percentage_Duplicated,CONTAINED,SIMPLE_FLOAT,1,DynamicDuplicated,RAM
9,225,Level_DV_Percentage_Duplicated,CONTAINED,SIMPLE_FLOAT,1,DynamicDuplicated,RAM
9,226,Level_DV_Value_Duplicated,CONTAINED,SIMPLE_FLOAT,1,DynamicDuplicated,RAM
9,227,Interface_DV_Value_Duplicated,CONTAINED,SIMPLE_FLOAT,1,DynamicDuplicated,RAM
9,228,Interface_DV_Percentage_Duplicated,CONTAINED,SIMPLE_FLOAT,1,DynamicDuplicated,RAM
9,229,CalibrationPointInputTempTable,CONTAINED,FLOAT,2,DYNAMIC,RAM
9,230,CalibrationPointOutputTempTable,CONTAINED,FLOAT,2,DYNAMIC,RAM
9,231,CalibrationPointStatusTable,CONTAINED,TABENUM8,2,DYNAMIC,RAM
9,232,T_History_Usr_Values_Obj,,,,,
9,233,T_History_Usr_Values_Reset,INPUT,ACTION,1,,
9,234,LIN_InputPoint_Captured,CONTAINED,TABENUM8,1,DYNAMIC,RAM
9,235,CalibrationPointInputTempTable_Obj,INOUT,UOM_PF,1,,
9,236,CalibrationPointOutputTempTable_Obj,INOUT,UOM_PF,1,,
10,0,activationStatus,OUTPUT,SIMPLE_U8,1,DYNAMIC,RAM
11,0,PlotData_1,OUTPUT,SIMPLE_U8,120,DYNAMIC,RAM
11,1,PlotEnable_1,OUTPUT,SIMPLE_U8,1,DYNAMIC,RAM
11,2,PlotData_2,OUTPUT,SIMPLE_U8,120,DYNAMIC,RAM
11,3,PlotEnable_2,OUTPUT,SIMPLE_U8,1,DYNAMIC,RAM
11,4,PlotData_3,OUTPUT,SIMPLE_U8,120,DYNAMIC,RAM
11,5,PlotEnable_3,OUTPUT,SIMPLE_U8,1,DYNAMIC,RAM
11,6,PlotDistanceUnits,OUTPUT,TABENUM8,1,DYNAMIC,RAM
11,7,H_ScaleOffset,OUTPUT,SIMPLE_FLOAT,1,DYNAMIC,RAM
11,8,H_ScaleOffset_inc,OUTPUT,ACTION,1,,
11,9,H_ScaleOffset_dec,OUTPUT,ACTION,1,,
11,10,H_ScaleResn,OUTPUT,SIMPLE_FLOAT,1,DYNAMIC,RAM
11,11,H_ScaleResn_inc,OUTPUT,ACTION,1,,
11,12,H_ScaleResn_dec,OUTPUT,ACTION,1,,
11,13,V_ScaleRangeHigh,OUTPUT,SIMPLE_FLOAT,1,DYNAMIC,RAM
11,14,V_ScaleRangeLow,OUTPUT,SIMPLE_FLOAT,1,DYNAMIC,RAM
11,15,V_ScaleRangeDP,OUTPUT,SIMPLE_U8,1,DYNAMIC,RAM
11,16,V_ScaleRangeDiv,OUTPUT,SIMPLE_U8,1,DYNAMIC,RAM
11,17,H_ScaleOffsetIndex,CONTAINED,SIMPLE_U8,1,DYNAMIC,RAM
11,18,H_ScaleResnIndex,CONTAINED,SIMPLE_U8,1,DYNAMIC,RAM
11,19,Position,CONTAINED,TABENUM8,1,DYNAMIC,RAM
11,20,Increment,CONTAINED,SIMPLE_U8,1,DYNAMIC,RAM
11,21,Num_PlotPoints,CONTAINED,SIMPLE_U8,1,DYNAMIC,RAM
11,22,HorizontalScale,CONTAINED,TABENUM8,1,DYNAMIC,RAM
11,23,WF_Start,CONTAINED,SIMPLE_FLOAT,1,DYNAMIC,RAM
11,24,WF_End,CONTAINED,SIMPLE_FLOAT,1,DYNAMIC,RAM
11,25,PlotData_Hart_0,CONTAINED,SIMPLE_U8,110,DYNAMIC,RAM
11,26,Distance_Obj,CONTAINED,UOM_PF,1,,
11,27,Distance,CONTAINED,FLOAT,1,DYNAMIC,RAM
11,28,Distance_Signal_Validity,CONTAINED,TABENUM8,1,DYNAMIC,RAM
11,29,H_ScaleOffset_Validity,CONTAINED,TABENUM8,1,DYNAMIC,RAM
11,30,PlotDistance_Obj,CONTAINED,UOM_PF,1,,
11,31,WFPlotDistanceUnits,CONTAINED,TABENUM8,1,DYNAMIC,RAM
11,32,displayRange,CONTAINED,SIMPLE_FLOAT,1,DYNAMIC,RAM
11,33,Position_Proxy,INPUT,SIMPLE_U8,1,DYNAMIC,RAM
11,34,Distance_Proxy_Obj,INPUT,UOM_PF,1,,
11,35,updateWaveformSettings,CONTAINED,SIMPLE_U8,1,DYNAMIC,RAM
11,36,H_ScaleResn_183,OUTPUT,SIMPLE_FLOAT,1,DYNAMIC,RAM
11,37,H_ScaleOffset_Obj,OUTPUT,UOM_PF,1,,
11,38,H_ScaleOffsetProxy,CONTAINED,SIMPLE_FLOAT,1,DYNAMIC,RAM
